Total_27,ASIST,Blue_Red,Gray,Inv_Gray,AJS,AZE,GE_3_Colors,GE_Puh_Thalium,GE_Rainbow,GE_Inv_Rainbow,Hitachi_Block,Hitachi_Pallete,LAS,Philips_CBF,Philips_CBV,Philips_MTT,Philips_TTP,Siemens_CT,Siemens_MR,Terarecon,Toshiba_CT_Rainbow,Toshiba_CT_Rainbow_Red,Toshiba_MRI,ZIO_NIH,ZIO_TR,ZIO_TRW,Tmax,End
0,0,0,0,255,0,0,0,0,0,0,0,0,0,0,0,0,0,0,0,0,0,0,0,0,0,0,0,0
1,4,0,1,254,0,0,0,0,0,255,0,0,0,8,8,8,8,0,0,0,123,0,8,2,0,0,0,0
2,8,0,2,253,0,0,0,0,0,255,0,0,0,8,8,8,8,33,0,0,123,0,16,8,0,0,0,0
3,12,0,3,252,8,0,0,0,0,255,0,0,0,8,8,8,8,33,0,0,123,0,24,14,0,0,0,0
4,16,0,4,251,16,0,0,0,0,255,0,0,0,8,8,8,8,66,0,0,123,0,24,20,0,0,0,0
5,20,0,5,250,16,0,0,0,0,255,0,0,0,8,8,8,8,66,0,0,123,0,33,26,1,1,0,0
6,24,0,6,249,24,0,0,0,0,255,0,0,0,8,8,8,8,66,0,0,123,0,41,32,1,1,0,0
7,28,0,7,248,33,0,0,0,0,255,0,0,0,8,8,8,8,66,0,0,132,0,49,38,1,1,0,0
8,32,0,8,247,33,0,0,0,0,255,0,0,0,8,8,8,8,66,0,0,132,0,49,44,1,1,0,0
9,36,0,9,246,41,0,0,0,0,255,0,0,0,8,8,8,8,66,0,0,132,0,57,50,1,1,0,0
10,40,0,10,245,49,0,0,0,0,255,0,0,0,8,8,8,8,74,0,0,132,0,66,56,1,1,0,0
11,44,0,11,244,49,0,0,0,0,255,0,0,0,8,8,8,8,74,0,0,132,0,74,62,1,1,0,0
12,48,0,12,243,57,0,0,0,0,255,0,0,0,8,8,8,8,74,0,0,140,0,74,68,1,1,0,0
13,52,0,13,242,66,0,0,0,0,255,0,0,0,8,8,8,8,74,0,0,132,0,82,74,1,1,0,0
14,56,0,14,241,66,0,0,0,0,255,0,0,0,8,8,8,8,82,0,0,115,0,90,80,1,1,0,0
15,60,0,15,240,74,0,0,0,0,255,0,0,0,8,8,8,8,82,0,0,107,0,99,86,2,2,0,0
16,64,0,16,239,82,0,0,0,0,255,0,0,0,8,8,8,8,82,0,0,90,0,99,80,2,2,0,0
17,68,0,17,238,82,0,0,0,0,255,0,0,0,8,8,8,8,82,0,0,90,0,107,74,2,2,0,0
18,72,0,18,237,90,0,0,0,0,255,0,0,0,8,8,8,8,82,0,0,82,0,115,68,2,2,0,0
19,76,0,19,236,99,0,0,0,0,255,0,0,0,8,8,8,8,82,0,0,66,0,123,62,2,2,0,0
20,80,0,20,235,99,0,0,0,0,255,0,0,0,8,8,8,8,90,0,0,49,0,123,56,2,2,0,0
21,79,0,21,234,99,0,0,0,0,255,0,0,0,8,8,8,8,90,0,0,41,0,132,50,2,2,0,0
22,78,0,22,233,90,0,0,0,0,255,0,0,0,8,8,8,8,90,0,0,24,0,140,44,2,2,0,0
23,77,0,23,232,90,0,0,0,0,255,0,0,0,8,8,8,8,90,0,0,16,0,148,38,2,2,0,0
24,76,0,24,231,90,0,0,0,0,255,0,0,0,8,8,8,8,99,0,0,0,0,148,32,2,2,0,0
25,75,0,25,230,82,0,0,0,0,255,0,0,0,8,8,8,8,99,0,0,0,0,156,26,3,3,0,0
26,74,0,26,229,82,0,0,0,0,255,0,0,0,8,8,8,8,90,0,0,0,0,165,20,3,3,0,0
27,73,0,27,228,82,0,0,0,0,255,0,0,0,8,8,8,8,90,0,0,0,0,173,14,3,3,0,0
28,72,0,28,227,74,0,0,0,0,255,0,0,0,8,8,8,8,90,0,0,0,0,181,8,3,3,0,0
29,71,0,29,226,74,0,0,0,0,255,0,0,0,8,8,8,8,90,0,0,0,0,181,2,3,3,0,0
30,70,0,30,225,74,0,0,0,0,255,0,0,0,8,8,8,8,82,0,0,0,0,189,0,3,3,0,0
31,69,0,31,224,66,0,0,0,0,255,0,0,0,8,8,8,8,82,0,0,0,0,198,0,3,3,0,0
32,68,0,32,223,66,0,0,0,0,255,0,0,0,8,8,8,8,82,0,0,0,0,206,0,3,3,0,0
33,67,0,33,222,66,0,0,0,0,255,0,0,0,8,8,8,8,82,0,0,0,0,206,0,3,3,0,0
34,66,0,34,221,66,0,0,0,0,255,0,0,0,8,8,8,8,82,0,0,0,0,214,0,3,3,0,0
35,65,0,35,220,57,0,0,0,0,255,0,0,0,8,8,8,8,82,0,0,0,0,222,0,4,4,0,0
36,64,0,36,219,57,0,0,0,0,255,0,0,0,8,8,8,8,74,0,0,0,0,231,0,4,4,0,0
37,63,0,37,218,57,0,0,0,0,255,0,0,0,8,8,8,8,74,0,0,0,0,231,0,4,4,0,0
38,62,0,38,217,49,0,0,0,0,255,0,0,0,8,8,8,8,74,0,0,0,0,239,0,4,4,0,0
39,61,0,39,216,49,0,0,0,0,255,0,0,0,8,8,8,8,74,0,0,0,0,247,0,4,4,0,0
40,60,0,40,215,49,0,0,0,0,255,0,0,0,8,8,8,8,66,0,0,0,0,255,0,4,4,0,0
41,59,0,41,214,41,0,0,0,0,255,0,0,0,8,8,8,8,66,0,0,0,0,255,0,4,4,0,0
42,58,0,42,213,41,0,0,0,0,255,0,0,0,8,8,8,8,66,0,0,0,0,255,0,4,4,0,0
43,57,0,43,212,41,0,0,0,0,255,0,0,0,8,8,8,8,66,0,0,0,0,255,0,4,4,0,0
44,56,0,44,211,33,0,0,0,0,255,0,0,0,8,8,8,8,66,0,0,0,0,255,0,4,4,0,0
45,55,0,45,210,33,0,0,0,0,255,0,0,0,8,8,8,8,66,0,0,0,0,255,0,5,5,0,0
46,54,0,46,209,33,0,0,0,0,255,0,0,0,8,8,8,8,66,0,0,0,0,255,0,5,5,0,0
47,53,0,47,208,24,0,0,0,0,255,0,0,0,8,8,8,8,66,0,0,0,0,255,0,5,5,0,0
48,52,0,48,207,24,0,0,0,0,255,0,0,0,8,8,8,8,66,0,0,0,0,255,0,5,5,0,0
49,51,0,49,206,24,0,0,0,0,255,0,0,0,8,8,8,8,66,0,0,0,0,255,0,5,5,0,0
50,50,0,50,205,24,0,0,0,0,255,0,0,0,8,8,8,8,66,0,0,0,0,255,0,5,5,0,0
51,49,0,51,204,16,0,0,0,0,255,0,0,0,8,8,8,8,66,0,0,0,0,255,0,5,5,0,0
52,48,0,52,203,16,0,0,0,0,255,0,0,0,8,8,8,8,66,0,0,0,0,255,0,5,5,0,0
53,47,0,53,202,16,0,0,0,0,255,0,0,0,8,8,8,8,66,0,0,0,0,255,0,5,5,0,0
54,46,0,54,201,8,0,0,0,0,255,0,0,0,8,8,8,8,66,0,0,0,0,255,0,5,5,0,0
55,45,0,55,200,8,0,0,0,0,255,0,0,0,8,8,8,8,66,0,0,0,0,255,0,6,6,0,0
56,44,0,56,199,8,0,0,0,0,255,0,0,0,8,8,8,8,66,0,0,0,0,255,0,6,6,0,0
57,43,0,57,198,0,0,0,0,0,255,0,0,0,8,8,8,8,66,0,0,0,0,255,0,6,6,0,0
58,42,0,58,197,0,0,0,0,0,255,0,0,0,8,8,8,8,66,0,0,0,0,255,0,6,6,0,0
59,41,0,59,196,0,0,0,0,0,255,0,0,0,8,8,8,8,66,0,0,0,0,255,0,6,6,0,0
60,40,0,60,195,0,0,0,0,0,255,0,0,0,8,8,8,8,66,0,0,0,0,255,0,6,6,0,0
61,39,0,61,194,0,0,0,0,0,255,0,0,0,8,8,8,8,66,0,0,0,0,255,0,6,6,0,0
62,38,0,62,193,0,0,0,0,0,255,0,0,0,8,8,8,8,66,0,0,0,0,255,0,6,6,0,0
63,37,0,63,192,0,0,0,0,0,255,0,0,0,8,8,8,8,66,0,0,0,0,255,0,6,6,0,0
64,36,0,64,191,0,0,0,0,0,255,0,0,0,8,8,8,8,66,0,0,0,0,255,0,6,6,0,0
65,35,0,65,190,0,0,0,0,0,255,0,0,0,8,8,8,8,66,0,0,0,0,255,0,7,7,0,0
66,34,0,66,189,0,0,0,0,0,255,0,0,0,8,8,8,8,66,0,0,0,0,255,0,7,7,0,0
67,33,0,67,188,0,0,0,0,0,255,0,0,0,8,8,8,8,66,0,0,0,0,255,0,7,7,0,0
68,32,0,68,187,0,0,0,0,0,255,0,0,0,8,8,8,8,66,0,0,0,0,255,0,7,7,0,0
69,31,0,69,186,0,0,0,0,0,255,0,0,0,8,8,8,8,66,0,0,0,0,255,0,7,7,0,0
70,30,0,70,185,0,0,0,0,0,255,0,0,0,8,8,8,8,66,0,0,0,0,255,0,7,7,0,0
71,29,0,71,184,0,0,0,0,0,255,0,0,0,8,8,8,8,66,0,0,0,0,255,0,7,7,0,0
72,28,0,72,183,0,0,0,0,0,255,0,0,0,8,8,8,8,66,0,0,0,0,255,0,7,7,0,0
73,27,0,73,182,0,0,0,0,0,255,0,0,0,8,8,8,8,66,0,0,0,0,255,0,7,7,0,0
74,26,0,74,181,0,0,0,0,0,255,0,0,0,8,8,8,8,66,0,0,0,0,255,0,7,7,0,0
75,25,0,75,180,0,0,0,0,0,255,0,0,0,8,8,8,8,66,0,0,0,0,255,0,8,8,0,0
76,24,0,76,179,0,0,0,0,0,255,0,0,0,8,8,8,8,66,0,0,0,0,255,0,8,8,0,0
77,23,0,77,178,0,0,0,0,0,255,0,0,0,8,8,8,8,66,0,0,0,0,255,0,8,8,0,0
78,22,0,78,177,0,0,0,0,0,255,0,0,0,8,8,8,8,66,0,0,0,0,255,0,8,8,0,0
79,21,0,79,176,0,0,0,0,0,255,0,0,0,8,8,8,8,66,0,0,0,0,255,0,8,8,0,0
80,20,0,80,175,0,0,0,0,0,255,0,0,0,8,8,8,8,66,0,0,0,8,255,0,8,8,0,0
81,19,0,81,174,0,0,0,0,0,255,0,0,0,8,8,8,8,66,0,0,0,8,255,0,8,8,0,0
82,18,0,82,173,0,0,0,0,0,255,0,0,0,8,8,8,8,66,0,0,0,8,255,0,8,8,0,0
83,17,0,83,172,0,0,0,0,0,255,0,0,0,8,8,8,8,66,0,0,0,8,255,0,8,8,0,0
84,16,0,84,171,0,0,0,0,0,255,0,0,0,8,8,8,8,66,0,0,0,8,247,0,8,8,0,0
85,15,0,85,170,0,0,0,0,0,255,0,0,0,8,8,8,8,66,0,0,0,8,239,0,9,9,0,0
86,14,0,86,169,0,0,0,0,0,255,0,0,0,8,8,8,8,66,0,0,0,8,231,0,9,9,0,0
87,13,0,87,168,0,0,0,0,0,255,0,0,0,8,8,8,8,66,0,0,0,8,231,0,9,9,0,0
88,12,0,88,167,0,0,0,0,0,255,0,0,0,8,8,8,8,66,0,0,0,8,222,0,9,9,0,0
89,11,0,89,166,0,0,0,0,0,255,0,0,0,8,8,8,8,66,0,0,0,8,214,0,9,9,0,0
90,10,0,90,165,0,0,0,0,0,255,0,0,0,8,8,8,8,74,0,0,0,8,206,0,9,9,0,0
91,9,0,91,164,0,0,0,0,0,255,0,0,0,8,8,8,8,74,0,0,0,8,206,0,9,9,0,0
92,8,0,92,163,0,0,0,0,0,255,0,0,0,8,8,8,8,74,0,0,0,8,198,0,9,9,0,0
93,7,0,93,162,0,0,0,0,0,255,0,0,0,8,8,8,8,74,0,0,0,8,189,0,9,9,0,0
94,6,0,94,161,0,0,0,0,0,255,0,0,2,8,8,8,8,74,0,0,0,8,181,0,9,9,0,0
95,5,0,95,160,0,0,0,8,0,255,0,0,6,8,8,8,8,74,0,0,0,8,181,0,10,10,0,0
96,4,0,96,159,0,0,0,8,0,255,0,0,10,8,8,8,8,74,0,0,0,8,173,0,10,10,0,0
97,3,0,97,158,0,0,0,8,0,255,0,0,14,8,8,8,8,74,0,0,0,8,165,0,10,10,0,0
98,2,0,98,157,0,0,0,8,0,255,0,0,18,8,8,8,8,74,0,0,0,8,156,0,10,10,0,0
99,1,0,99,156,0,0,0,8,0,255,0,0,22,8,8,8,8,74,0,0,0,8,156,0,10,10,0,0
100,0,0,100,155,0,0,0,8,0,255,0,0,26,8,8,8,8,82,0,0,0,8,148,0,10,10,0,0
101,0,0,101,154,0,0,0,8,0,255,0,0,30,8,8,8,8,82,0,0,0,8,140,0,10,10,0,0
102,0,0,102,153,0,0,0,8,0,255,0,0,34,8,8,8,8,82,0,0,0,8,132,0,10,10,0,0
103,0,0,103,152,0,0,0,8,0,255,0,0,38,8,8,8,8,82,0,0,0,8,132,0,10,10,0,0
104,0,0,104,151,0,0,0,57,0,214,0,0,42,8,8,8,8,82,0,0,0,8,123,0,10,10,0,0
105,0,0,105,150,0,0,0,57,0,214,0,0,46,8,8,8,8,82,0,0,0,8,115,0,11,11,0,0
106,0,0,106,149,0,0,0,57,0,214,0,0,50,8,8,8,8,82,0,0,0,8,115,0,11,11,0,0
107,0,0,107,148,0,0,0,57,0,214,0,0,54,8,8,8,8,82,0,0,0,8,107,0,11,11,0,0
108,0,0,108,147,0,0,0,57,0,214,0,0,58,8,8,8,8,82,0,0,0,8,99,0,11,11,0,0
109,0,0,109,146,0,0,0,57,0,214,0,0,62,8,8,8,8,82,0,0,0,16,90,0,14,14,0,0
110,0,0,110,145,0,0,0,57,0,214,0,0,66,8,8,8,8,90,0,0,0,24,90,0,19,19,0,0
111,0,0,111,144,0,0,0,57,0,214,0,0,70,8,8,8,8,90,0,0,0,24,82,0,24,24,0,0
112,0,0,112,143,0,0,0,107,41,173,0,0,74,8,8,8,8,90,0,0,0,33,74,0,29,29,0,0
113,0,0,113,142,0,0,0,107,41,173,0,0,78,8,8,8,8,90,0,0,0,41,66,0,34,34,0,0
114,0,0,114,141,0,0,0,107,41,173,0,0,82,8,8,8,8,90,0,8,0,41,66,0,39,39,0,0
115,0,0,115,140,0,0,0,107,41,173,0,0,86,8,8,8,8,90,0,8,0,49,57,0,44,44,0,0
116,0,0,116,139,0,0,0,107,41,173,0,0,90,8,8,8,8,90,0,16,0,49,49,0,49,49,0,0
117,0,0,117,138,0,0,0,107,41,173,0,0,94,8,8,8,8,90,0,24,0,57,41,0,54,54,0,0
118,0,0,118,137,0,0,0,107,41,173,0,0,98,8,8,8,8,90,0,24,0,66,41,0,59,59,0,0
119,0,0,119,136,0,0,0,107,41,173,0,0,102,8,8,8,8,90,0,33,0,66,33,0,64,64,0,0
120,0,0,120,135,0,0,0,107,41,173,0,0,106,8,8,8,8,99,0,41,0,74,24,0,69,69,0,0
121,0,0,121,134,0,0,0,156,82,123,0,0,110,8,8,8,8,99,0,41,0,82,16,0,74,74,0,0
122,0,0,122,133,0,0,0,156,82,123,0,0,114,8,16,8,8,99,0,49,0,82,16,0,79,79,0,0
123,0,0,123,132,0,0,0,156,82,123,0,0,118,8,16,8,8,99,0,49,0,82,8,0,84,84,0,0
124,0,0,124,131,0,0,0,156,82,123,0,0,122,8,16,8,8,99,0,57,0,90,0,0,89,89,0,0
125,0,0,125,130,0,0,0,156,82,123,0,0,126,8,16,8,8,99,0,57,0,99,0,0,94,94,0,0
126,0,0,126,129,0,0,0,156,82,123,0,0,130,8,16,8,8,99,0,66,0,99,0,0,99,99,0,0
127,0,0,127,128,0,0,0,156,82,123,0,0,134,8,16,15,8,99,0,74,0,107,0,0,104,104,0,0
128,0,2,128,127,0,2,0,156,82,123,33,0,138,8,16,15,24,99,0,74,0,115,0,0,109,109,255,0
129,4,4,129,126,0,6,0,189,123,82,33,8,142,8,16,24,24,99,0,82,0,123,0,0,114,114,255,0
130,8,6,130,125,0,10,0,189,123,82,33,8,146,8,16,24,24,107,0,82,0,123,0,2,119,119,255,0
131,12,8,131,124,0,14,0,189,123,82,33,16,150,8,16,33,24,107,0,90,0,123,0,8,124,124,255,0
132,16,10,132,123,0,18,0,189,123,82,33,24,154,16,16,33,24,107,0,90,0,132,0,14,127,127,255,0
133,20,12,133,122,0,22,0,189,123,82,33,24,158,16,16,41,24,107,0,99,0,132,0,20,131,131,255,0
134,24,14,134,121,0,26,0,189,123,82,33,24,162,24,66,41,24,107,0,99,0,140,0,26,134,134,255,0
135,28,16,135,120,0,30,0,189,123,82,33,33,166,24,66,41,24,107,0,107,0,140,0,32,138,138,255,0
136,32,18,136,119,0,34,0,189,123,82,33,33,170,33,66,49,24,107,0,115,0,140,0,38,141,141,255,0
137,36,20,137,118,0,38,0,206,173,41,33,41,174,33,66,49,24,107,0,115,0,148,0,44,144,144,255,0
138,40,22,138,117,0,42,0,206,173,41,33,41,178,33,66,57,24,107,0,123,0,148,0,50,147,147,255,0
139,44,24,139,116,0,46,0,206,173,41,33,49,182,41,66,66,24,107,0,123,0,156,0,56,151,151,255,0
140,48,26,140,115,0,50,0,206,173,41,33,49,186,49,66,66,24,115,0,132,0,156,0,62,154,154,255,0
141,52,28,141,114,8,54,0,206,173,41,33,49,190,49,66,66,24,115,0,132,0,156,0,68,157,157,255,0
142,56,30,142,113,16,58,0,206,173,41,33,57,194,49,66,74,24,115,0,140,0,165,0,74,161,161,255,0
143,60,32,143,112,16,62,0,206,173,41,33,57,198,57,66,74,24,115,0,140,0,165,0,84,164,164,255,0
144,64,34,144,111,24,66,0,206,173,41,107,66,202,57,66,74,82,115,0,148,0,165,0,94,167,167,255,0
145,68,36,145,110,33,70,0,206,173,41,107,66,206,57,66,82,82,115,0,148,8,173,0,104,171,171,255,0
146,72,38,146,109,41,74,0,214,214,0,107,74,210,66,66,82,82,115,0,156,8,181,0,114,174,174,255,0
147,76,40,147,108,49,78,0,214,214,0,107,74,214,66,107,90,82,115,0,165,41,181,0,124,178,178,255,0
148,80,42,148,107,49,82,0,214,214,0,107,82,218,74,107,90,82,115,0,165,49,189,0,134,181,181,255,0
149,84,44,149,106,57,86,0,214,214,0,107,90,222,74,107,99,82,115,0,173,74,189,0,144,184,184,255,0
150,88,46,150,105,66,90,0,214,214,0,107,82,226,82,107,99,82,123,0,173,82,189,0,154,188,188,255,0
151,92,48,151,104,74,94,0,214,214,0,107,90,230,82,107,107,82,123,0,181,99,198,0,164,191,191,255,0
152,96,50,152,103,74,98,0,214,214,0,107,90,234,90,107,107,82,123,0,181,115,198,0,174,194,194,255,0
153,100,52,153,102,82,102,0,214,214,0,107,99,238,90,107,107,82,123,3,189,132,198,0,184,198,198,255,0
154,104,54,154,101,90,106,0,214,214,0,107,99,242,99,107,115,82,123,8,189,132,206,0,194,201,201,255,0
155,108,56,155,100,99,110,0,214,255,0,107,107,246,99,107,115,82,123,12,198,148,206,0,204,204,204,255,0
156,112,58,156,99,107,114,0,214,255,0,107,107,250,99,107,123,82,123,17,198,156,214,0,214,208,208,255,0
157,116,60,157,98,107,118,0,214,255,0,107,115,254,107,107,123,82,123,23,206,181,214,0,224,211,211,255,0
158,120,62,158,97,115,122,0,214,255,0,107,115,254,107,115,123,82,123,27,206,189,222,0,234,215,215,255,0
159,124,64,159,96,123,126,0,214,255,0,107,123,254,115,148,132,82,123,32,214,198,222,0,244,218,218,255,0
160,128,66,160,95,132,130,0,214,255,0,173,123,254,115,148,132,140,132,37,214,198,222,0,254,221,221,255,0
161,132,68,161,94,140,134,0,214,255,0,173,132,254,115,148,140,140,132,42,222,206,222,0,254,224,224,255,0
162,136,70,162,93,140,138,0,214,255,0,173,132,254,123,148,140,140,132,47,222,206,231,0,254,228,228,255,0
163,140,72,163,92,148,142,255,214,255,0,173,140,254,132,148,140,140,132,52,231,214,239,0,254,231,231,255,0
164,144,74,164,91,156,146,255,214,255,0,173,140,254,132,148,148,140,132,57,231,214,239,0,254,235,235,255,0
165,148,76,165,90,165,150,255,214,255,0,173,148,254,132,148,156,140,132,62,239,214,239,0,254,238,238,255,0
166,152,78,166,89,173,154,255,214,255,0,173,148,254,140,148,156,140,140,67,239,222,247,0,254,242,242,255,0
167,156,80,167,88,173,158,255,214,255,0,173,156,254,140,148,165,140,140,72,247,222,247,0,254,245,245,255,0
168,160,82,168,87,181,162,255,214,255,0,173,156,254,148,148,165,140,140,77,255,222,247,8,254,248,248,255,0
169,164,84,169,86,189,166,255,214,255,0,173,165,254,148,148,165,140,140,82,255,231,255,16,254,251,251,255,0
170,168,86,170,85,198,170,255,214,255,0,173,165,254,156,148,173,140,148,87,255,231,255,16,254,254,254,255,0
171,172,88,171,84,206,174,255,214,255,0,173,173,254,156,198,173,140,148,91,255,239,255,24,254,254,254,255,0
172,176,90,172,83,206,178,255,214,255,0,173,173,254,156,198,181,140,148,96,255,239,255,33,254,254,254,255,0
173,180,92,173,82,214,182,255,214,255,0,173,181,254,165,198,181,140,148,102,255,247,255,41,254,254,254,255,0
174,184,94,174,81,222,186,255,214,255,0,173,181,254,165,198,189,140,156,107,255,247,255,41,254,254,254,255,0
175,188,96,175,80,231,190,255,214,255,0,173,189,254,173,198,189,140,156,112,255,247,255,49,254,254,254,255,0
176,192,98,176,79,239,194,255,214,255,0,247,189,254,173,198,189,198,156,116,255,247,255,57,254,254,254,255,0
177,196,100,177,78,239,198,255,214,255,0,247,198,254,181,198,198,198,156,121,255,247,255,66,254,254,254,255,0
178,200,102,178,77,247,202,255,214,255,0,247,198,254,181,198,198,198,165,126,255,247,255,66,254,254,254,255,0
179,204,104,179,76,255,206,255,214,255,0,247,206,254,181,198,206,198,165,131,255,247,255,74,254,254,254,255,0
180,208,106,180,75,255,210,255,214,255,0,247,214,254,189,198,206,198,165,137,255,255,255,82,254,254,254,255,0
181,212,108,181,74,255,214,255,214,255,0,247,222,254,189,198,206,198,165,141,255,255,255,90,254,254,254,255,0
182,216,110,182,73,255,218,255,214,255,0,247,214,254,198,198,214,198,173,146,255,255,255,90,254,254,254,255,0
183,220,112,183,72,255,222,255,214,255,0,247,222,254,198,239,214,198,173,151,255,255,255,99,254,254,254,255,0
184,224,114,184,71,255,226,255,214,255,0,247,222,254,206,239,222,198,173,156,255,255,255,107,254,254,254,255,0
185,228,116,185,70,255,230,255,214,255,0,247,231,254,206,239,222,198,173,161,255,255,255,115,254,254,254,255,0
186,232,118,186,69,255,234,255,214,255,0,247,231,254,206,239,222,198,173,166,255,255,255,115,254,254,254,255,0
187,236,120,187,68,255,238,255,214,255,0,247,239,254,214,239,231,198,173,172,255,255,255,123,254,254,254,255,0
188,240,122,188,67,255,242,255,214,255,0,247,239,254,214,239,239,198,181,176,255,255,255,132,254,254,254,255,0
189,244,124,189,66,255,246,255,214,255,0,247,247,254,222,239,239,198,181,180,255,255,255,140,254,254,254,255,0
190,248,126,190,65,255,250,255,222,255,0,247,247,254,222,239,247,198,181,186,255,255,255,140,254,254,254,255,0
191,252,128,191,64,255,254,255,222,255,0,247,247,254,230,247,247,198,181,191,255,255,255,148,254,254,254,255,0
192,255,130,192,63,255,254,255,222,255,0,255,247,254,230,247,247,247,189,196,255,255,255,156,254,254,254,255,0
193,255,132,193,62,255,254,255,222,255,0,255,247,254,239,247,247,247,189,201,255,255,255,165,254,254,254,255,0
194,255,134,194,61,255,254,255,222,255,0,255,247,254,239,247,247,247,189,205,255,255,255,165,254,254,254,255,0
195,255,136,195,60,255,254,255,222,255,0,255,247,254,239,247,247,247,189,210,255,255,255,173,254,254,254,255,0
196,255,138,196,59,255,254,255,222,255,0,255,247,254,247,247,247,247,198,216,255,255,255,181,254,254,254,255,0
197,255,140,197,58,255,254,255,231,255,0,255,247,254,247,247,247,247,198,221,255,255,255,181,254,254,254,255,0
198,255,142,198,57,255,254,255,231,255,0,255,247,254,247,247,247,247,198,226,255,255,255,189,254,254,254,255,0
199,255,144,199,56,255,254,255,231,255,0,255,247,254,247,247,247,247,198,230,255,255,255,198,254,254,254,255,0
200,255,146,200,55,255,254,255,231,255,0,255,247,254,247,247,247,247,206,235,255,255,255,206,254,254,254,255,0
201,255,148,201,54,255,254,255,231,255,0,255,247,254,247,247,247,247,206,240,255,255,255,206,254,254,254,255,0
202,255,150,202,53,255,254,255,231,255,0,255,247,254,247,247,247,247,206,246,255,255,255,214,254,254,254,255,0
203,255,152,203,52,255,254,255,231,255,0,255,247,254,247,247,247,247,206,251,255,255,255,222,254,254,254,255,0
204,255,154,204,51,255,254,255,231,255,0,255,247,254,247,247,247,247,214,254,255,255,255,231,254,254,254,255,0
205,255,156,205,50,255,254,255,231,255,0,255,247,254,247,247,247,247,214,254,255,255,255,231,254,254,254,255,0
206,255,158,206,49,255,254,255,222,255,0,255,247,254,247,247,247,247,214,253,255,255,255,239,254,254,254,255,0
207,255,160,207,48,255,254,255,222,255,0,255,247,254,247,247,247,247,214,254,255,255,255,247,254,254,254,255,0
208,255,162,208,47,255,254,255,222,255,0,255,247,254,247,247,247,247,214,255,255,255,255,255,254,254,254,255,0
209,255,164,209,46,255,254,255,222,255,0,255,247,254,247,247,247,247,214,255,255,255,255,255,254,254,254,255,0
210,255,166,210,45,255,254,255,222,255,0,255,247,254,247,247,247,247,222,254,255,255,255,255,254,254,254,255,0
211,255,168,211,44,255,254,255,222,255,0,255,247,254,247,247,247,247,222,254,255,255,255,255,254,254,254,255,0
212,255,170,212,43,255,254,255,222,255,0,255,247,254,247,247,247,247,222,254,255,255,255,255,254,254,254,255,0
213,255,172,213,42,255,254,255,222,255,0,255,247,254,247,247,247,247,222,254,255,247,255,255,254,254,254,255,0
214,255,174,214,41,255,254,255,214,255,0,255,247,254,247,247,247,247,231,255,255,247,255,255,254,254,254,255,0
215,255,176,215,40,255,254,255,214,255,0,255,247,254,247,247,247,247,231,255,255,247,255,255,254,254,254,255,0
216,255,178,216,39,255,254,255,214,255,0,255,247,254,247,247,247,247,231,254,255,247,255,255,254,254,254,255,0
217,255,180,217,38,255,254,255,214,255,0,255,247,254,247,247,247,247,231,254,255,239,255,255,254,254,254,255,0
218,255,182,218,37,255,254,255,214,255,0,255,247,254,247,247,247,247,239,254,255,239,255,255,254,254,254,255,0
219,255,184,219,36,255,254,255,214,255,0,255,247,254,247,247,247,247,239,254,255,239,255,255,254,254,254,255,0
220,255,186,220,35,255,254,255,214,255,0,255,247,254,247,247,247,247,239,255,255,231,255,255,252,254,254,255,0
221,255,188,221,34,255,254,255,214,255,0,255,247,254,247,247,247,247,239,255,255,231,255,255,249,254,254,255,0
222,255,190,222,33,255,254,255,214,255,0,255,247,254,247,247,247,247,247,254,255,231,255,255,247,254,254,255,0
223,255,192,223,32,255,254,255,214,255,0,255,247,250,247,247,247,247,247,254,255,222,255,255,245,254,254,255,0
224,255,194,224,31,255,254,255,214,255,0,255,247,246,247,247,247,247,247,254,255,222,255,255,242,254,254,255,0
225,255,196,225,30,255,254,255,214,255,0,255,247,242,247,247,247,247,247,255,255,222,255,255,240,254,254,255,0
226,255,198,226,29,255,254,255,214,255,0,255,247,238,247,247,247,247,255,255,255,214,255,255,238,254,254,255,0
227,255,200,227,28,255,254,255,214,255,0,255,247,234,247,247,247,247,255,255,255,214,255,255,235,254,254,255,0
228,255,202,228,27,255,254,255,214,255,0,255,247,230,247,247,247,247,255,254,255,214,255,255,233,254,254,255,0
229,255,204,229,26,255,254,255,214,255,0,255,247,226,247,247,247,247,255,254,255,214,255,255,231,254,254,255,0
230,255,206,230,25,255,254,255,214,255,0,255,255,222,247,247,247,247,255,254,255,206,255,255,229,254,254,255,0
231,255,208,231,24,255,254,255,214,255,0,255,255,218,247,247,247,247,255,255,255,206,255,255,227,254,254,255,0
232,255,210,232,23,255,254,255,222,255,0,255,255,214,247,247,247,247,255,255,255,198,255,255,225,254,254,255,0
233,255,212,233,22,255,254,255,222,255,0,255,255,210,247,247,247,247,255,254,255,198,255,255,223,254,254,255,0
234,255,214,234,21,255,254,255,222,255,0,255,255,206,247,247,247,247,255,254,255,198,255,255,220,254,254,255,0
235,255,216,235,20,255,254,255,222,255,0,255,255,202,247,247,247,247,255,254,255,198,255,255,218,254,254,255,0
236,255,218,236,19,255,254,255,222,255,0,255,255,198,247,247,247,247,255,254,255,189,255,255,216,254,254,255,0
237,255,220,237,18,255,254,255,222,255,0,255,255,194,247,247,247,247,255,255,255,189,255,255,213,254,254,255,0
238,255,222,238,17,255,254,255,222,255,0,255,255,190,247,247,247,247,247,255,255,189,255,255,211,254,254,255,0
239,255,224,239,16,255,254,255,222,255,0,255,255,186,247,247,247,247,247,254,255,198,255,255,209,254,254,255,0
240,255,226,240,15,255,254,255,222,255,0,255,255,182,247,247,247,247,247,254,255,198,255,255,206,254,254,255,0
241,255,228,241,14,255,254,255,239,255,0,255,255,178,247,247,247,247,247,254,255,206,255,255,204,254,254,255,0
242,255,230,242,13,255,254,255,239,255,0,255,255,174,247,247,247,247,247,254,255,206,255,255,202,254,254,255,0
243,255,232,243,12,255,254,255,239,255,0,255,255,170,247,247,247,247,247,255,255,206,255,255,199,254,254,255,0
244,255,234,244,11,255,254,255,239,255,0,255,255,166,247,247,247,247,239,255,255,206,255,255,197,254,254,255,0
245,255,236,245,10,255,254,255,239,255,0,255,255,162,247,247,247,247,239,254,255,214,255,255,195,254,254,255,0
246,255,238,246,9,255,254,255,239,255,0,255,255,158,247,247,247,247,239,254,255,214,255,255,192,254,254,255,0
247,255,240,247,8,255,254,255,239,255,0,255,255,154,247,247,247,247,239,254,255,222,255,255,190,254,254,255,0
248,255,242,248,7,255,254,255,239,255,0,255,255,150,247,247,247,247,239,254,255,222,255,255,188,254,254,255,0
249,255,244,249,6,255,254,255,255,255,0,255,255,146,247,247,247,247,239,255,255,231,255,255,185,254,254,255,0
250,255,246,250,5,255,254,255,255,255,0,255,255,142,247,247,247,247,231,255,255,231,255,255,183,254,254,255,0
251,255,248,251,4,255,254,255,255,255,0,255,255,138,247,247,247,247,231,254,255,239,255,255,181,254,254,255,0
252,255,250,252,3,255,254,255,255,255,0,255,255,134,247,247,247,247,231,254,255,239,255,255,178,254,254,255,0
253,255,252,253,2,255,254,255,255,255,0,255,255,130,247,247,247,247,231,254,255,239,255,255,176,254,254,255,0
254,255,254,254,1,255,254,255,255,255,0,255,255,126,247,247,247,247,231,255,255,239,255,255,174,254,254,255,0
255,255,255,255,0,255,254,255,255,255,0,255,254,122,247,247,247,247,231,255,255,247,255,255,171,254,254,255,0
,,,,,,,,,,,,,,,,,,,,,,,,,,,,0
,,,,,,,,,,,,,,,,,,,,,,,,,,,,0
0,0,0,0,255,0,0,0,0,0,0,0,0,0,0,0,0,0,0,0,0,0,0,0,0,0,0,0,0
1,0,0,1,254,0,3,0,0,60,20,0,0,0,20,52,36,32,0,0,12,0,4,0,0,3,3,0,0
2,0,0,2,253,0,7,0,0,60,20,0,0,0,20,52,44,32,0,0,16,0,8,0,0,6,6,0,0
3,0,0,3,252,0,11,0,0,60,20,0,0,0,24,52,44,32,0,0,20,0,8,0,0,8,8,0,0
4,0,0,4,251,0,15,0,0,60,20,0,0,0,28,52,48,32,0,0,24,0,16,0,0,11,11,0,0
5,0,0,5,250,0,19,0,0,60,20,0,0,0,32,52,52,32,0,0,32,0,16,0,0,13,13,0,0
6,0,0,6,249,0,23,0,0,60,20,0,0,0,36,52,56,32,0,0,36,0,16,0,0,16,16,0,0
7,0,0,7,248,0,27,0,0,60,20,0,0,0,40,52,60,32,0,0,40,0,20,0,0,18,18,0,0
8,0,0,8,247,0,31,0,0,60,20,0,0,0,40,52,60,32,0,0,44,0,24,0,0,21,21,0,0
9,0,0,9,246,0,35,0,0,109,40,0,0,0,44,52,65,32,0,0,48,0,24,0,0,23,23,0,0
10,0,0,10,245,0,39,0,0,109,40,0,0,0,48,52,69,32,0,0,56,0,28,0,0,26,26,0,0
11,0,0,11,244,0,43,0,0,109,40,0,0,0,52,52,73,32,0,0,60,0,32,0,0,28,28,0,0
12,0,0,12,243,0,47,0,0,109,40,0,0,0,56,52,81,32,0,0,65,0,32,0,0,31,31,0,0
13,0,0,13,242,0,51,0,0,109,40,0,0,0,60,97,81,32,0,0,69,0,36,0,0,33,33,0,0
14,0,0,14,241,0,55,0,0,109,40,0,0,0,65,97,85,32,0,0,73,0,40,0,0,36,36,0,0
15,0,0,15,240,0,59,0,0,109,40,0,0,0,69,97,89,89,0,0,77,0,40,0,0,39,39,0,0
16,0,0,16,239,0,63,0,0,109,40,0,0,0,69,97,93,89,0,0,81,0,44,0,0,41,41,0,0
17,0,0,17,238,0,67,0,0,109,40,0,0,0,77,97,97,89,0,0,89,0,44,0,0,44,44,0,0
18,0,0,18,237,0,71,0,12,134,60,0,0,0,77,97,97,89,0,0,89,0,48,0,0,46,46,0,0
19,0,0,19,236,0,75,0,12,134,60,0,0,0,81,97,101,89,0,0,97,0,52,0,0,49,49,0,0
20,0,0,20,235,0,79,0,12,134,60,0,0,0,85,97,105,89,0,0,101,0,52,0,0,51,51,0,0
21,0,0,21,234,0,83,0,12,134,60,0,0,0,89,97,109,89,0,0,105,0,56,0,0,54,54,0,0
22,0,0,22,233,0,87,0,12,134,60,0,0,0,93,97,113,89,0,0,109,0,60,0,0,57,57,0,0
23,0,0,23,232,0,91,0,12,134,60,0,0,0,93,97,113,89,0,0,113,0,60,0,0,59,59,0,0
24,0,0,24,231,0,95,0,12,134,60,0,0,0,101,97,117,89,0,0,117,0,65,0,0,62,62,0,0
25,0,0,25,230,0,99,0,12,134,60,0,0,0,101,142,125,89,0,0,125,0,65,0,0,64,64,0,0
26,0,0,26,229,0,103,0,12,134,60,0,0,0,105,142,125,89,4,0,125,0,69,0,0,67,67,0,0
27,0,0,27,228,0,107,0,28,166,85,0,0,0,109,142,134,89,4,0,134,0,73,0,0,69,69,0,0
28,0,0,28,227,0,111,0,28,166,85,0,0,2,113,142,134,89,12,0,138,0,73,0,0,72,72,0,0
29,0,0,29,226,0,115,0,28,166,85,0,0,6,117,142,138,89,12,0,142,0,77,0,0,74,74,0,0
30,0,0,30,225,0,119,0,28,166,85,0,0,10,121,142,142,89,16,0,146,0,81,0,0,77,77,0,0
31,0,0,31,224,0,123,0,28,166,85,0,0,14,125,142,142,146,16,0,150,0,81,0,0,80,80,0,0
32,0,0,32,223,0,127,0,28,166,85,0,0,18,130,142,146,146,24,0,154,0,85,0,0,82,82,0,0
33,0,0,33,222,0,131,0,28,166,85,0,0,22,130,142,150,146,24,0,158,0,89,0,0,85,85,0,0
34,0,0,34,221,0,135,0,28,166,85,0,0,26,134,142,154,146,32,0,162,0,89,0,0,87,87,0,0
35,0,0,35,220,0,139,0,56,195,105,0,0,30,138,142,158,146,32,0,166,0,93,0,0,90,90,0,0
36,0,0,36,219,0,143,0,56,195,105,0,0,34,142,142,158,146,36,0,170,0,93,0,0,92,92,0,0
37,0,0,37,218,0,147,0,56,195,105,0,0,38,146,182,166,146,36,0,178,0,97,0,0,95,95,0,0
38,0,0,38,217,0,151,0,56,195,105,0,0,42,150,182,170,146,44,0,178,0,101,0,0,97,97,0,0
39,0,0,39,216,0,155,0,56,195,105,0,0,46,150,182,174,146,44,0,186,8,101,0,0,100,100,0,0
40,0,0,40,215,0,159,0,56,195,105,0,0,50,158,182,178,146,48,0,186,12,109,0,0,102,102,0,0
41,0,0,41,214,0,163,0,56,195,105,0,0,54,158,182,178,146,48,0,195,24,109,4,0,105,105,0,0
42,0,0,42,213,0,167,0,56,195,105,0,0,58,166,182,182,146,56,0,199,36,113,8,0,107,107,0,0
43,0,0,43,212,0,171,0,56,195,105,0,0,62,166,182,186,146,56,0,203,44,113,16,0,110,110,0,0
44,0,0,44,211,0,175,0,77,227,130,0,0,66,170,182,190,146,65,0,203,56,117,20,0,112,112,0,0
45,0,0,45,210,0,179,0,77,227,130,0,0,70,174,182,195,146,65,0,211,65,117,28,0,115,115,0,0
46,3,0,46,209,0,183,0,77,227,130,0,0,74,178,182,195,146,65,0,215,65,121,32,0,117,117,0,0
47,6,0,47,208,0,187,0,77,227,130,0,0,78,182,182,199,146,65,0,219,77,125,40,0,120,120,0,0
48,9,0,48,207,0,191,0,77,227,130,0,0,82,186,182,207,203,65,0,223,81,125,44,0,122,122,0,0
49,12,0,49,206,0,195,0,77,227,130,0,0,86,186,227,211,203,65,0,227,101,130,52,0,125,125,0,0
50,15,0,50,205,0,199,0,77,227,130,0,0,90,190,227,215,203,65,1,231,105,130,56,0,127,127,0,0
51,18,0,51,204,4,203,0,77,227,130,0,0,94,195,227,215,203,65,5,235,117,134,65,0,130,130,0,0
52,21,0,52,203,8,207,0,77,227,130,0,0,98,199,227,219,203,65,10,239,121,138,69,0,133,133,0,0
53,24,0,53,202,12,211,0,101,255,150,0,0,102,203,227,223,203,65,14,243,125,138,77,0,136,136,0,0
54,27,0,54,201,16,215,0,101,255,150,0,0,106,207,227,227,203,65,20,247,125,142,81,0,138,138,0,0
55,30,0,55,200,20,219,0,101,255,150,0,0,110,211,227,231,203,65,25,251,130,146,89,0,141,141,0,0
56,33,0,56,199,24,223,0,101,255,150,0,0,114,215,227,231,203,65,29,251,130,146,93,0,143,143,0,0
57,36,0,57,198,28,227,0,101,255,150,0,0,118,215,227,235,203,65,34,255,134,150,101,0,146,146,0,0
58,39,0,58,197,32,231,0,101,255,150,0,0,122,223,227,239,203,65,40,255,134,154,105,0,148,148,0,0
59,42,0,59,196,36,235,0,101,255,150,0,0,126,223,227,239,203,65,45,255,138,154,113,0,150,150,0,0
60,45,0,60,195,40,239,0,101,255,150,0,0,130,227,227,243,203,65,49,255,142,158,117,0,152,152,0,0
61,48,0,61,194,44,243,0,117,255,170,0,0,134,231,227,243,203,65,54,255,146,158,125,0,154,154,0,0
62,51,0,62,193,48,247,0,117,255,170,0,0,138,235,227,243,203,65,59,255,146,158,130,0,156,156,0,0
63,54,0,63,192,52,251,0,117,255,170,0,0,142,239,243,243,243,65,64,255,150,162,138,0,158,158,0,0
64,57,0,64,191,56,254,0,117,255,170,32,12,146,243,243,243,243,65,70,255,150,162,142,5,160,160,255,0
65,60,0,65,190,60,254,0,117,255,170,32,20,150,243,243,243,243,65,75,255,154,162,150,10,162,162,255,0
66,63,0,66,189,65,254,0,117,255,170,32,28,154,243,243,243,243,65,79,255,154,166,154,15,164,164,255,0
67,66,0,67,188,69,254,0,117,255,170,32,36,158,243,243,243,243,65,83,255,158,166,162,20,166,166,255,0
68,69,0,68,187,73,254,0,117,255,170,32,40,162,243,243,243,243,65,89,255,158,170,166,25,168,168,255,0
69,72,0,69,186,77,254,0,138,255,190,32,48,166,243,243,243,243,65,94,255,158,174,170,30,170,170,255,0
70,75,0,70,185,81,254,0,138,255,190,32,56,170,243,243,243,243,65,99,255,162,174,178,35,172,172,255,0
71,78,0,71,184,85,254,0,138,255,190,32,65,174,243,243,243,243,65,104,255,162,178,182,40,174,174,255,0
72,81,0,72,183,89,254,0,138,255,190,32,73,178,243,243,243,243,65,109,255,162,178,190,45,175,175,255,0
73,84,0,73,182,93,254,0,138,255,190,32,81,182,243,243,243,243,65,113,255,166,178,195,50,177,177,255,0
74,87,0,74,181,97,254,0,138,255,190,32,89,186,243,243,243,243,65,118,255,166,182,203,55,179,179,255,0
75,90,0,75,180,101,254,0,138,255,190,32,97,190,243,243,243,243,65,124,255,166,182,207,60,181,181,255,0
76,93,0,76,179,105,254,0,138,255,190,32,105,194,243,243,243,243,65,129,255,166,186,215,65,183,183,255,0
77,96,0,77,178,109,254,0,138,255,190,32,113,198,243,243,243,243,65,134,255,170,186,219,70,185,185,255,0
78,99,0,78,177,113,254,255,150,255,215,32,121,202,243,243,243,243,65,138,255,170,186,227,75,187,187,255,0
79,102,0,79,176,117,254,255,150,255,215,32,130,206,243,243,243,243,65,143,255,170,190,231,80,189,189,255,0
80,105,0,80,175,121,254,255,150,255,215,170,138,210,243,243,243,243,65,149,255,170,195,239,85,190,190,255,0
81,108,0,81,174,125,254,255,150,255,215,170,146,214,243,243,243,243,65,154,255,170,195,243,90,192,192,255,0
82,111,0,82,173,130,254,255,150,255,215,170,150,218,243,243,243,243,69,159,255,170,195,255,95,194,194,255,0
83,114,0,83,172,134,254,255,150,255,215,170,162,222,243,243,243,243,69,163,255,170,199,255,100,196,196,255,0
84,117,0,84,171,138,254,255,150,255,215,170,170,226,243,243,243,243,73,168,255,170,199,255,105,198,198,255,0
85,120,0,85,170,142,254,255,150,255,215,170,178,230,243,243,243,243,73,173,255,170,203,255,110,200,200,255,0
86,123,0,86,169,146,254,255,154,255,235,170,186,234,243,243,243,243,77,179,255,170,207,255,115,202,202,255,0
87,126,0,87,168,150,254,255,154,255,235,170,195,238,243,243,243,243,77,184,255,170,207,255,120,203,203,255,0
88,129,0,88,167,154,254,255,154,255,235,170,203,242,243,243,243,243,81,189,255,170,207,255,125,204,204,255,0
89,132,0,89,166,158,254,255,154,255,235,170,211,246,243,243,243,243,81,193,255,170,211,255,130,206,206,255,0
90,135,0,90,165,162,254,255,154,255,235,170,219,250,243,243,243,243,89,198,255,170,211,255,135,207,207,255,0
91,138,0,91,164,166,254,255,154,255,235,170,227,254,243,243,243,243,89,203,255,170,211,255,140,208,208,255,0
92,141,0,92,163,170,254,255,154,255,235,170,235,254,243,243,243,243,93,208,255,170,215,255,145,209,209,255,0
93,144,0,93,162,174,254,255,154,255,235,170,243,254,243,243,243,243,93,214,255,170,215,255,150,210,210,255,0
94,147,0,94,161,178,254,255,154,255,235,170,251,254,243,243,243,243,97,218,255,170,215,255,155,211,211,255,0
95,150,0,95,160,182,254,255,166,255,255,170,251,254,243,243,243,243,97,223,255,170,215,255,160,213,213,255,0
96,153,0,96,159,186,254,255,166,255,255,255,251,254,243,243,243,243,101,227,255,166,215,255,165,214,214,255,0
97,156,0,97,158,190,254,255,166,255,255,255,251,254,243,243,243,243,101,233,255,166,219,255,170,215,215,255,0
98,159,0,98,157,195,254,255,166,255,255,255,251,254,243,243,243,243,105,238,255,166,219,255,175,216,216,255,0
99,162,0,99,156,199,254,255,166,255,255,255,251,254,243,243,243,243,105,243,255,162,219,255,180,217,217,255,0
100,165,0,100,155,203,254,255,166,255,255,255,251,254,243,243,243,243,113,248,255,162,223,255,185,218,218,255,0
101,168,0,101,154,203,254,255,166,255,255,255,251,254,243,243,243,243,113,252,255,162,223,255,190,220,220,255,0
102,171,0,102,153,207,254,255,166,255,255,255,251,254,243,243,243,243,117,254,255,158,223,255,195,221,221,255,0
103,174,0,103,152,207,254,255,166,255,255,255,255,254,243,243,243,243,117,254,255,158,223,255,200,222,222,255,0
104,177,0,104,151,211,254,255,182,255,255,255,255,254,243,243,243,243,121,255,255,154,227,255,205,223,223,255,0
105,180,0,105,150,211,254,255,182,255,255,255,255,254,243,243,243,243,121,255,255,154,227,255,210,224,224,255,0
106,183,0,106,149,215,254,255,182,255,255,255,255,254,243,243,243,243,125,254,255,158,227,255,215,225,225,255,0
107,186,0,107,148,215,254,255,182,255,255,255,255,254,243,243,243,243,125,254,255,158,231,255,220,227,227,255,0
108,189,0,108,147,215,254,255,182,255,255,255,255,254,243,243,243,243,130,254,255,162,231,255,225,228,228,255,0
109,192,0,109,146,219,254,255,182,255,255,255,255,254,243,243,243,243,130,254,255,162,231,255,230,229,229,255,0
110,195,0,110,145,219,254,255,182,255,255,255,255,254,243,243,243,243,138,255,255,166,235,255,235,230,230,255,0
111,198,0,111,144,223,254,255,182,255,255,255,255,254,243,243,243,243,138,255,255,166,235,255,240,232,232,255,0
112,201,0,112,143,223,254,255,199,255,255,255,255,254,243,243,243,243,142,254,255,174,235,255,245,233,233,255,0
113,204,0,113,142,227,254,255,199,255,255,255,255,254,243,243,243,243,142,254,255,174,235,255,250,234,234,255,0
114,207,0,114,141,227,254,255,199,255,255,255,255,254,243,243,243,243,146,254,255,178,235,255,254,235,235,255,0
115,210,0,115,140,231,254,255,199,255,255,255,255,254,243,243,243,243,146,255,255,178,239,255,254,236,236,255,0
116,213,0,116,139,231,254,255,199,255,255,255,255,254,243,243,243,243,150,255,255,182,239,255,254,237,237,255,0
117,216,0,117,138,235,254,255,199,255,255,255,255,254,243,243,243,243,150,255,255,182,243,255,254,239,239,255,0
118,219,0,118,137,235,254,255,199,255,255,255,255,254,243,243,243,243,154,254,255,186,243,255,254,240,240,255,0
119,222,0,119,136,235,254,255,199,255,255,255,255,254,243,243,243,243,154,254,255,190,243,255,254,241,241,255,0
120,225,0,120,135,239,254,255,199,255,255,255,255,254,243,243,243,243,162,254,255,195,243,255,254,242,242,255,0
121,228,0,121,134,239,254,255,207,255,255,255,255,254,243,243,243,243,162,255,255,195,247,255,254,243,243,255,0
122,231,0,122,133,243,254,255,207,255,255,255,255,254,243,243,243,243,166,255,255,199,247,255,254,244,244,255,0
123,234,0,123,132,243,254,255,207,255,255,255,255,254,243,243,243,243,166,254,255,203,247,255,254,246,246,255,0
124,237,0,124,131,247,254,255,207,255,255,255,255,254,243,243,243,243,170,254,255,207,247,255,254,247,247,255,0
125,240,0,125,130,247,254,255,207,255,255,255,255,254,243,243,243,243,170,254,255,207,251,251,254,248,248,255,0
126,243,0,126,129,251,254,255,207,255,255,255,255,254,243,243,243,243,174,254,255,207,251,243,254,249,249,255,0
127,246,0,127,128,251,254,255,207,255,255,255,255,254,243,243,243,243,174,255,255,211,251,239,254,250,250,255,0
128,249,0,128,127,255,254,255,207,255,255,255,255,254,243,243,243,243,178,255,255,215,255,231,254,251,251,255,0
129,252,0,129,126,255,254,255,211,255,255,255,255,254,243,243,243,243,178,254,255,215,255,227,254,253,253,255,0
130,255,0,130,125,255,254,255,211,255,255,255,255,254,243,243,243,243,182,254,255,219,255,219,254,254,254,255,0
131,255,0,131,124,255,254,255,211,255,255,255,255,254,243,243,243,243,182,254,255,223,255,215,254,254,254,255,0
132,255,0,132,123,255,254,255,211,255,255,255,255,254,243,243,243,243,190,254,255,227,255,207,254,254,254,255,0
133,255,0,133,122,255,254,255,211,255,255,255,255,254,243,243,243,243,190,255,255,227,255,203,254,254,254,255,0
134,255,0,134,121,255,254,255,211,255,255,255,255,254,243,243,243,243,195,255,255,231,255,195,254,254,254,255,0
135,255,0,135,120,255,254,255,211,255,255,255,255,254,243,243,243,243,195,254,255,231,255,190,254,254,254,255,0
136,255,0,136,119,255,254,255,211,255,255,255,255,254,243,243,243,243,199,254,255,235,255,182,254,254,254,255,0
137,255,0,137,118,255,254,255,211,255,255,255,255,254,243,243,243,243,199,254,255,239,255,178,254,254,254,255,0
138,255,0,138,117,255,254,255,211,255,255,255,255,254,243,243,243,243,203,255,255,239,255,170,254,254,254,255,0
139,255,0,139,116,255,254,255,211,255,255,255,255,254,243,243,243,243,203,255,255,243,255,166,254,254,254,255,0
140,255,0,140,115,255,254,255,211,255,255,255,255,254,243,243,243,243,207,255,255,247,255,162,254,254,254,255,0
141,255,0,141,114,255,254,255,211,255,255,255,255,254,243,243,243,243,207,254,255,247,255,154,254,254,254,255,0
142,255,0,142,113,255,254,255,211,255,255,255,255,254,243,243,243,243,215,254,255,251,255,150,254,254,254,255,0
143,255,0,143,112,255,254,255,211,255,255,255,255,254,243,243,243,243,215,254,255,255,255,142,254,254,254,255,0
144,255,0,144,111,255,254,255,211,255,255,255,255,254,243,243,243,243,219,255,255,255,255,138,254,254,254,255,0
145,255,0,145,110,255,254,255,211,255,255,255,255,254,243,243,243,243,219,255,255,255,255,130,254,254,254,255,0
146,255,0,146,109,255,254,255,223,255,255,255,255,254,243,243,243,243,223,254,255,255,255,125,254,254,254,255,0
147,255,0,147,108,255,254,255,223,255,255,255,255,254,243,243,243,243,223,254,255,255,255,117,254,251,251,255,0
148,255,0,148,107,255,254,255,223,255,255,255,255,254,243,243,243,243,227,254,255,255,255,113,254,247,247,255,0
149,255,0,149,106,255,254,255,223,255,255,255,255,254,243,243,243,243,227,254,255,255,255,105,254,243,243,255,0
150,255,0,150,105,255,254,255,223,255,255,255,255,254,243,243,243,243,231,255,255,255,255,101,254,239,239,255,0
151,255,0,151,104,255,254,255,223,255,255,255,255,254,243,243,243,243,231,255,255,255,255,93,254,235,235,255,0
152,255,0,152,103,255,254,255,223,255,255,255,251,254,243,243,243,243,239,254,255,255,255,89,254,231,231,255,0
153,255,0,153,102,255,254,255,223,255,255,255,251,254,243,243,243,243,239,254,255,255,255,81,254,227,227,255,0
154,255,0,154,101,255,254,255,223,255,255,255,251,254,243,243,243,243,243,254,255,255,255,77,254,223,223,255,0
155,255,0,155,100,255,254,255,235,255,255,255,251,254,243,243,243,243,243,254,255,255,255,69,254,219,219,255,0
156,255,0,156,99,255,254,255,235,255,255,255,251,254,243,243,243,243,247,255,255,255,255,65,254,215,215,255,0
157,255,0,157,98,255,254,255,235,255,255,255,251,254,243,243,243,243,247,255,255,255,255,56,254,211,211,255,0
158,255,0,158,97,255,254,255,235,255,255,255,251,251,243,243,243,243,251,254,255,255,255,52,254,207,207,255,0
159,255,0,159,96,255,254,255,235,255,255,255,251,247,243,243,243,243,251,254,255,255,255,44,254,203,203,255,0
160,255,0,160,95,255,254,255,235,255,255,255,251,243,243,243,243,243,255,254,255,255,255,40,254,199,199,255,0
161,255,0,161,94,255,254,255,235,255,255,255,251,239,243,243,243,243,255,254,255,251,255,32,249,195,195,255,0
162,255,0,162,93,255,254,255,235,255,255,255,251,235,243,243,243,243,255,255,255,251,255,28,244,191,191,255,0
163,255,0,163,92,255,254,0,239,235,255,255,251,231,243,243,243,243,255,255,255,251,255,20,239,187,187,255,0
164,255,0,164,91,255,254,0,239,235,255,255,251,227,243,243,243,243,255,254,255,251,255,16,234,183,183,255,0
165,255,0,165,90,255,254,0,239,235,255,255,251,223,243,243,243,243,255,254,255,247,255,8,229,179,179,255,0
166,255,0,166,89,255,254,0,239,235,255,255,251,219,243,243,243,243,255,254,255,247,255,0,224,175,175,255,0
167,255,0,167,88,255,254,0,239,235,255,255,251,215,243,243,243,243,255,255,255,247,255,0,219,171,171,255,0
168,255,0,168,87,255,254,0,239,235,255,255,251,211,243,243,243,243,255,255,255,243,255,0,214,167,167,255,0
169,255,0,169,86,255,254,0,239,235,255,255,251,207,243,243,243,243,255,255,255,243,255,0,209,163,163,255,0
170,255,0,170,85,255,254,0,239,235,255,255,251,203,243,243,243,243,255,254,251,243,247,0,204,159,159,255,0
171,255,0,171,84,255,254,0,239,235,255,255,251,199,243,243,243,243,255,254,251,239,235,0,199,155,155,255,0
172,255,0,172,83,255,254,0,227,215,255,255,251,195,243,243,243,243,255,254,247,239,235,0,194,151,151,255,0
173,255,0,173,82,255,254,0,227,215,255,255,251,191,243,243,243,243,255,255,243,235,223,0,189,147,147,255,0
174,255,0,174,81,255,254,0,227,215,255,255,251,187,243,243,243,243,255,255,235,235,211,0,184,143,143,255,0
175,255,0,175,80,255,254,0,227,215,255,255,251,183,243,243,243,243,255,254,235,235,203,0,179,139,139,255,0
176,255,0,176,79,255,254,0,227,215,255,255,251,179,243,243,243,243,255,254,227,235,190,0,174,135,135,255,0
177,255,0,177,78,255,254,0,227,215,255,255,251,175,243,243,243,243,255,254,227,231,178,0,169,131,131,255,0
178,255,0,178,77,255,254,0,227,215,255,255,251,171,243,243,243,243,255,254,219,231,166,0,164,127,127,255,0
179,255,0,179,76,255,254,0,227,215,255,255,251,167,243,243,243,243,255,255,215,231,158,0,159,123,123,255,0
180,255,0,180,75,255,254,0,227,215,255,255,251,163,243,243,243,243,255,255,211,231,146,0,154,119,119,255,0
181,255,0,181,74,255,254,0,207,190,255,255,251,159,243,243,243,243,255,254,207,227,142,0,149,115,115,255,0
182,255,0,182,73,255,254,0,207,190,255,255,251,155,243,243,243,243,255,254,203,227,134,0,144,111,111,255,0
183,255,0,183,72,255,254,0,207,190,255,255,251,151,243,243,243,243,255,254,199,227,121,0,139,107,107,255,0
184,255,0,184,71,255,254,0,207,190,255,255,251,147,243,243,243,243,255,254,195,223,101,0,134,103,103,255,0
185,255,0,185,70,255,254,0,207,190,255,255,251,143,243,243,243,243,255,255,195,223,93,0,129,96,96,255,0
186,255,0,186,69,255,254,0,207,190,255,255,251,139,243,243,243,243,255,255,186,219,85,0,124,89,89,255,0
187,255,0,187,68,255,254,0,207,190,255,255,251,135,243,243,243,243,255,254,182,215,81,0,119,82,82,255,0
188,255,0,188,67,255,254,0,207,190,255,255,251,131,243,243,243,243,255,254,178,207,73,0,114,75,75,255,0
189,255,0,189,66,255,254,0,207,190,255,255,251,127,243,243,243,243,255,254,174,203,65,0,109,68,68,255,0
190,255,0,190,65,255,254,0,182,170,255,255,251,123,243,243,243,243,255,254,170,195,60,0,104,61,61,255,0
191,255,0,191,64,255,254,0,182,170,255,255,251,119,243,243,243,243,255,255,166,186,52,0,99,54,54,255,0
192,252,0,192,63,255,251,0,182,170,255,207,251,115,243,243,243,239,255,255,162,186,48,0,94,47,47,0,0
193,248,0,193,62,251,247,0,182,170,255,207,247,111,243,243,235,239,255,254,158,186,44,0,89,40,40,0,0
194,244,0,194,61,247,243,0,182,170,255,207,243,107,243,243,231,239,255,254,150,174,36,0,84,33,33,0,0
195,240,0,195,60,243,239,0,182,170,255,207,239,103,243,207,227,239,255,254,150,174,28,0,79,26,26,0,0
196,236,0,196,59,239,235,0,182,170,255,207,235,99,243,207,227,239,255,255,142,162,24,0,75,19,19,0,0
197,232,0,197,58,235,231,0,162,150,255,207,231,95,239,207,219,239,255,255,142,162,16,0,72,12,12,0,0
198,228,0,198,57,231,227,0,162,150,255,207,227,91,235,207,219,239,255,255,134,154,8,0,68,5,5,0,0
199,224,0,199,56,227,223,0,162,150,255,207,223,87,231,207,219,239,255,254,130,146,0,0,65,0,0,0,0
200,220,0,200,55,223,219,0,162,150,255,207,219,83,227,207,211,239,255,254,125,130,0,0,61,0,1,0,0
201,216,0,201,54,219,215,0,162,150,255,207,215,79,227,207,207,239,255,254,121,113,0,0,58,0,4,0,0
202,212,0,202,53,215,211,0,162,150,255,207,211,75,223,207,203,239,255,255,117,101,0,0,54,0,9,0,0
203,208,0,203,52,211,207,0,162,150,255,207,207,71,215,207,199,239,255,255,113,85,0,0,51,0,13,0,0
204,204,0,204,51,207,203,0,162,150,255,207,203,67,215,207,199,239,255,252,109,77,0,0,47,0,18,0,0
205,200,0,205,50,203,199,0,162,150,255,207,199,63,211,207,190,239,255,248,105,77,0,0,44,0,22,0,0
206,196,0,206,49,199,195,0,138,130,227,207,195,59,207,207,190,239,255,243,101,52,0,0,40,0,27,0,0
207,192,0,207,48,195,191,0,138,130,227,207,190,55,203,162,186,239,255,238,97,48,0,0,37,0,31,0,0
208,188,0,208,47,190,187,0,138,130,227,138,186,51,203,162,182,182,255,233,89,24,0,0,33,0,36,0,0
209,184,0,209,46,186,183,0,138,130,227,138,182,47,199,162,182,182,255,229,85,20,0,4,30,0,40,0,0
210,180,0,210,45,182,179,0,138,130,227,138,178,43,195,162,174,182,255,224,81,0,0,8,26,0,45,0,0
211,176,0,211,44,178,175,0,138,130,227,138,174,39,190,162,174,182,255,217,77,0,0,16,23,0,49,0,0
212,172,0,212,43,174,171,0,138,130,227,138,170,35,186,162,166,182,255,213,73,0,0,20,19,0,54,0,0
213,168,0,213,42,170,167,0,138,130,227,138,166,31,182,162,162,182,255,209,69,0,0,24,16,0,58,0,0
214,164,0,214,41,166,163,0,113,105,195,138,162,27,178,162,162,182,255,203,65,0,0,32,13,0,63,0,0
215,160,0,215,40,162,159,0,113,105,195,138,158,23,178,162,158,182,255,198,60,0,0,36,9,0,67,0,0
216,156,0,216,39,158,155,0,113,105,195,138,154,19,170,162,154,182,255,194,52,0,0,44,6,0,72,0,0
217,152,0,217,38,154,151,0,113,105,195,138,150,15,166,162,150,182,255,188,48,0,0,48,2,0,76,0,0
218,148,0,218,37,150,147,0,113,105,195,138,146,11,166,162,146,182,255,183,44,0,0,52,0,0,81,0,0
219,144,0,219,36,146,143,0,113,105,195,138,142,7,162,162,146,182,255,179,40,0,0,60,0,0,85,0,0
220,140,0,220,35,142,139,0,113,105,195,138,138,3,158,121,138,182,255,175,36,0,0,65,0,0,90,0,0
221,136,0,221,34,138,135,0,113,105,195,138,134,0,154,121,138,182,255,169,28,0,0,73,0,0,94,0,0
222,132,0,222,33,134,131,0,113,105,195,138,130,0,150,121,130,182,255,163,24,0,0,77,0,0,99,0,0
223,128,0,223,32,130,127,0,85,85,166,138,125,0,146,121,125,182,255,159,20,0,0,81,0,0,103,0,0
224,124,0,224,31,125,123,0,85,85,166,69,121,0,142,121,125,125,255,154,16,0,0,89,0,0,108,0,0
225,120,0,225,30,121,119,0,85,85,166,69,117,0,142,121,121,125,255,149,12,0,0,93,0,0,112,0,0
226,116,0,226,29,117,115,0,85,85,166,69,113,0,138,121,117,125,255,144,8,0,0,97,0,0,117,0,0
227,112,0,227,28,113,111,0,85,85,166,69,109,0,134,121,117,125,255,139,0,0,0,105,0,0,121,0,0
228,108,0,228,27,109,107,0,85,85,166,69,105,0,130,121,113,125,255,133,0,0,0,109,0,0,126,0,0
229,104,0,229,26,105,103,0,85,85,166,69,97,0,125,121,109,125,255,128,0,0,0,117,0,0,130,0,0
230,100,0,230,25,101,99,0,85,85,166,69,101,0,121,121,105,125,255,124,0,0,0,121,0,0,135,0,0
231,96,0,231,24,97,95,0,85,85,166,69,93,0,117,121,101,125,255,119,0,0,0,125,0,0,139,0,0
232,92,0,232,23,93,91,0,56,60,134,69,89,0,113,77,101,125,239,114,0,0,0,134,0,0,144,0,0
233,88,0,233,22,89,87,0,56,60,134,69,85,0,109,77,93,125,239,109,0,0,0,138,0,0,148,0,0
234,84,0,234,21,85,83,0,56,60,134,69,81,0,105,77,93,125,219,104,0,0,0,146,0,0,153,0,0
235,80,0,235,20,81,79,0,56,60,134,69,77,0,105,77,85,125,219,99,0,0,0,150,0,0,157,0,0
236,76,0,236,19,77,75,0,56,60,134,69,73,0,101,77,81,125,203,94,0,0,0,154,0,0,162,0,0
237,72,0,237,18,73,71,0,56,60,134,69,69,0,97,77,81,125,203,89,0,0,0,162,0,0,166,0,0
238,68,0,238,17,69,67,0,56,60,134,69,65,0,93,77,77,125,182,84,0,12,0,166,0,0,171,0,0
239,64,0,239,16,65,63,0,56,60,134,69,65,0,89,77,73,125,182,79,0,24,0,170,0,0,175,0,0
240,60,0,240,15,60,59,0,56,60,134,0,60,0,85,77,69,69,162,74,0,40,0,178,0,0,180,0,0
241,56,0,241,14,56,55,0,24,40,109,0,56,0,81,77,65,69,162,69,0,48,0,182,0,0,184,0,0
242,52,0,242,13,52,51,0,24,40,109,0,52,0,81,77,65,69,146,64,0,69,0,190,0,0,189,0,0
243,48,0,243,12,48,47,0,24,40,109,0,48,0,77,77,56,69,146,60,0,73,0,195,0,0,193,0,0
244,44,0,244,11,44,43,0,24,40,109,0,44,0,73,32,56,69,125,54,0,73,0,199,0,0,198,0,0
245,40,0,245,10,40,39,0,24,40,109,0,40,0,69,32,52,69,125,49,0,97,0,207,0,0,202,0,0
246,36,0,246,9,36,35,0,24,40,109,0,36,0,65,32,48,69,105,44,0,101,0,211,0,0,207,0,0
247,32,0,247,8,32,31,0,24,40,109,0,32,0,60,32,48,69,105,40,0,121,0,219,0,0,211,0,0
248,28,0,248,7,28,27,0,24,40,109,0,28,0,56,32,40,69,89,35,0,130,0,223,0,0,216,0,0
249,24,0,249,6,24,23,0,8,20,60,0,24,0,56,32,36,69,89,30,0,146,0,227,0,0,220,0,0
250,20,0,250,5,20,19,0,8,20,60,0,20,0,48,32,32,69,69,25,0,158,0,235,0,0,225,0,0
251,16,0,251,4,16,15,0,8,20,60,0,16,0,48,32,28,69,69,20,0,170,0,239,0,0,229,0,0
252,12,0,252,3,12,11,0,8,20,60,0,16,0,44,32,28,69,52,15,0,186,0,243,0,0,234,0,0
253,8,0,253,2,8,7,0,8,20,60,0,16,0,40,32,20,69,52,10,0,195,0,255,0,0,238,0,0
254,4,0,254,1,4,3,0,8,20,60,0,16,0,40,32,16,69,32,5,0,195,0,255,0,0,243,0,0
255,0,0,255,0,0,0,0,8,20,60,0,1,0,40,32,12,69,32,1,0,219,0,255,0,0,245,0,0
,,,,,,,,,,,,,,,,,,,,,,,,,,,,0
,,,,,,,,,,,,,,,,,,,,,,,,,,,,0
0,0,255,0,255,0,0,0,0,0,0,0,8,0,0,0,0,0,0,0,0,0,0,0,0,0,0,0,0
1,0,254,1,254,0,254,255,66,255,0,0,8,151,247,247,247,247,0,11,255,140,16,0,3,6,6,255,0
2,3,252,2,253,0,254,255,66,255,0,0,16,155,247,247,247,247,33,16,255,140,24,0,15,12,12,255,0
3,6,250,3,252,8,254,255,66,255,0,0,24,159,247,247,247,247,33,21,255,140,24,0,27,18,18,255,0
4,9,248,4,251,16,254,255,66,255,0,0,24,163,247,247,247,247,66,26,255,140,33,0,39,24,24,255,0
5,12,246,5,250,16,254,255,66,255,0,0,24,167,247,247,247,247,66,31,255,140,41,0,51,30,30,255,0
6,15,244,6,249,24,254,255,66,255,0,0,33,171,247,247,247,247,66,36,255,148,41,0,63,36,36,255,0
7,18,242,7,248,33,254,255,66,255,0,0,33,175,247,247,247,247,66,41,255,148,49,0,75,42,42,255,0
8,21,240,8,247,33,254,255,66,255,0,0,41,179,247,247,247,247,66,46,255,148,57,0,87,48,48,255,0
9,24,238,9,246,41,254,255,132,255,0,0,41,183,247,247,247,247,66,50,255,148,66,0,99,54,54,255,0
10,27,236,10,245,49,254,255,132,255,0,0,49,187,247,247,247,247,74,55,255,148,66,0,111,60,60,255,0
11,30,234,11,244,49,254,255,132,255,0,0,49,191,247,247,247,247,74,60,255,148,74,0,123,66,66,255,0
12,33,232,12,243,57,254,255,132,255,0,0,57,195,247,247,247,247,74,66,255,156,82,0,135,72,72,255,0
13,36,230,13,242,66,254,255,132,255,0,0,57,199,247,247,247,247,74,70,255,156,90,0,147,78,78,255,0
14,39,228,14,241,66,254,255,132,255,0,0,57,203,247,247,247,247,82,75,255,156,99,0,159,84,84,255,0
15,42,226,15,240,74,254,255,132,255,0,0,66,207,247,247,247,247,82,80,255,156,99,0,171,90,90,255,0
16,45,224,16,239,74,254,255,132,255,0,66,66,211,247,247,247,247,82,85,255,156,107,0,165,96,96,255,0
17,48,222,17,238,82,254,255,132,255,0,66,74,215,247,247,247,247,82,90,255,156,107,0,159,102,102,255,0
18,51,220,18,237,90,254,255,156,255,0,66,74,219,247,247,247,247,82,95,255,165,115,0,154,108,108,255,0
19,54,218,19,236,90,254,255,156,255,0,66,82,223,247,247,247,247,82,100,255,165,123,0,148,114,114,255,0
20,57,216,20,235,99,254,255,156,255,0,66,82,227,247,247,247,247,90,105,255,165,132,0,143,120,120,255,0
21,60,214,21,234,107,254,255,156,255,0,66,90,231,247,247,247,247,90,110,255,165,140,0,138,126,126,255,0
22,63,212,22,233,107,254,255,156,255,0,66,90,235,247,247,247,247,90,115,255,165,148,0,132,132,132,255,0
23,66,210,23,232,115,254,255,156,255,0,66,90,239,247,247,247,247,90,120,255,165,148,0,127,138,138,255,0
24,69,208,24,231,123,254,255,156,255,0,66,99,243,247,247,247,247,99,125,255,173,148,0,122,144,144,255,0
25,72,206,25,230,123,254,255,156,255,0,66,99,247,247,247,247,247,99,130,255,173,156,0,116,150,150,255,0
26,75,204,26,229,132,254,255,156,255,0,66,107,251,247,247,247,247,99,134,255,181,165,0,111,156,156,255,0
27,78,202,27,228,140,254,255,165,255,0,66,107,254,247,247,247,247,99,139,255,181,173,0,106,162,162,255,0
28,81,200,28,227,140,254,255,165,255,0,66,115,254,247,247,247,247,99,145,255,181,181,0,101,168,168,255,0
29,84,198,29,226,148,254,255,165,255,0,66,115,254,247,247,247,247,99,150,255,189,189,0,95,174,174,255,0
30,87,196,30,225,148,254,255,165,255,0,66,123,254,247,247,247,247,107,155,255,189,189,0,90,180,180,255,0
31,90,194,31,224,156,254,255,165,255,0,66,123,254,247,247,247,247,107,159,255,198,198,0,89,186,186,255,0
32,93,192,32,223,165,254,255,165,255,0,140,132,254,247,247,247,247,107,164,255,198,206,0,94,192,192,255,0
33,96,190,33,222,165,254,255,165,255,0,140,132,254,247,247,247,247,107,169,255,206,214,0,99,198,198,255,0
34,99,188,34,221,173,254,255,165,255,0,140,140,254,247,247,247,247,115,175,255,206,222,0,104,204,204,255,0
35,102,186,35,220,181,254,255,189,255,0,140,148,254,247,247,247,247,115,180,255,214,222,0,109,210,210,255,0
36,105,184,36,219,181,254,255,189,255,0,140,148,254,247,247,247,247,115,184,255,222,231,0,114,216,216,255,0
37,108,182,37,218,189,254,255,189,255,0,140,156,254,247,247,247,247,115,189,255,222,231,0,119,222,222,255,0
38,111,180,38,217,198,254,255,189,255,0,140,165,254,247,247,247,247,115,194,255,222,239,0,124,228,228,255,0
39,114,178,39,216,198,254,255,189,255,0,140,156,254,247,247,247,247,115,199,255,222,247,0,129,234,234,255,0
40,117,176,40,215,206,254,255,189,255,0,140,165,254,247,247,247,247,123,204,255,222,255,0,134,240,240,255,0
41,120,174,41,214,206,254,255,189,255,0,140,165,254,247,247,247,247,123,211,255,222,255,0,139,246,246,255,0
42,123,172,42,213,206,254,255,189,255,0,140,173,254,247,247,247,247,123,214,255,222,255,0,144,252,252,255,0
43,126,170,43,212,206,254,255,189,255,0,140,173,254,247,247,247,247,123,218,255,222,255,0,149,254,254,255,0
44,129,168,44,211,206,254,255,198,255,0,140,181,254,247,247,247,247,132,224,255,222,255,0,154,252,252,255,0
45,132,166,45,210,206,254,255,198,255,0,140,181,254,247,247,247,247,132,230,255,222,247,0,159,250,250,255,0
46,135,164,46,209,214,254,255,198,255,0,140,189,254,247,247,247,247,132,234,255,222,247,0,164,248,248,255,0
47,138,162,47,208,214,254,255,198,255,0,140,189,254,247,247,247,247,132,239,255,222,247,0,169,246,246,255,0
48,141,160,48,207,214,254,255,198,255,0,206,198,254,247,247,247,247,140,244,255,222,239,0,174,244,244,255,0
49,144,158,49,206,214,254,255,198,255,0,206,198,254,247,247,247,247,140,249,255,222,239,0,179,242,242,255,0
50,147,156,50,205,214,254,255,198,255,0,206,206,254,247,247,247,247,148,252,255,222,239,0,184,240,240,255,0
51,150,154,51,204,222,254,255,198,255,0,206,214,254,247,247,247,247,148,255,255,222,231,0,189,238,238,255,0
52,153,152,52,203,222,254,255,198,255,0,206,222,254,247,247,247,247,156,255,255,222,231,0,194,236,236,255,0
53,156,150,53,202,222,254,255,173,255,0,206,214,254,247,247,247,247,156,255,255,222,231,0,199,234,234,255,0
54,159,148,54,201,222,254,255,173,255,0,206,222,254,247,247,247,247,165,254,255,222,231,0,204,232,232,255,0
55,162,146,55,200,222,254,255,173,255,0,206,222,254,247,247,247,247,165,254,255,222,222,0,209,230,230,255,0
56,165,144,56,199,222,254,255,173,255,0,206,231,254,247,247,247,247,173,254,255,222,222,0,214,228,228,255,0
57,168,142,57,198,231,254,255,173,255,0,206,231,254,247,247,247,247,173,255,255,222,222,0,219,226,226,255,0
58,171,140,58,197,231,254,255,173,255,0,206,239,254,247,247,247,247,181,255,247,222,214,0,224,224,224,255,0
59,174,138,59,196,231,254,255,173,255,0,206,239,254,247,247,247,247,181,255,247,222,214,0,229,222,222,255,0
60,177,136,60,195,231,254,255,173,255,0,206,247,254,247,247,239,247,189,254,239,222,214,0,234,220,220,255,0
61,180,134,61,194,231,254,255,148,214,0,206,247,254,247,247,239,247,189,254,239,222,206,0,239,218,218,255,0
62,183,132,62,193,231,254,255,148,214,0,206,247,254,247,247,239,247,189,254,231,222,206,0,244,216,216,255,0
63,186,130,63,192,239,254,255,148,214,0,206,247,254,247,222,231,231,189,255,231,222,206,0,249,214,214,255,0
64,189,128,64,191,239,254,255,148,214,0,255,247,254,247,222,231,231,198,255,222,222,206,0,254,212,212,0,0
65,192,126,65,190,239,250,255,148,214,0,255,247,254,247,222,222,231,198,254,222,222,198,0,254,209,209,0,0
66,195,124,66,189,239,246,255,148,214,0,255,247,254,239,222,222,231,206,254,214,222,198,0,254,206,206,0,0
67,198,122,67,188,239,242,255,148,214,0,255,247,254,239,222,214,231,206,254,214,222,198,0,254,203,203,0,0
68,201,120,68,187,239,238,255,148,214,0,255,247,254,231,222,214,231,214,254,206,222,189,0,254,200,200,0,0
69,204,118,69,186,247,234,255,132,173,0,255,247,254,231,222,214,231,214,255,206,214,189,0,254,197,197,0,0
70,207,116,70,185,247,230,255,132,173,0,255,247,254,222,222,206,231,222,255,198,206,189,0,254,194,194,0,0
71,210,114,71,184,247,226,255,132,173,0,255,247,254,222,222,206,231,222,254,189,206,181,0,254,191,191,0,0
72,213,112,72,183,247,222,255,132,173,0,255,247,254,222,222,198,231,231,254,189,198,181,0,254,188,188,0,0
73,216,110,73,182,247,218,255,132,173,0,255,247,254,214,222,189,231,231,254,181,189,181,0,254,185,185,0,0
74,219,108,74,181,247,214,255,132,173,0,255,247,254,214,173,189,231,239,254,181,189,181,0,254,182,182,0,0
75,222,106,75,180,255,210,255,132,173,0,255,247,254,206,173,189,231,239,255,173,181,173,0,254,179,179,0,0
76,225,104,76,179,255,206,255,132,173,0,255,247,254,206,173,181,231,247,255,173,181,173,0,254,176,176,0,0
77,228,102,77,178,255,202,255,132,173,0,255,247,254,198,173,181,231,247,254,165,181,173,0,254,173,173,0,0
78,231,100,78,177,255,198,0,123,123,0,255,247,254,198,173,173,231,255,254,165,173,165,0,254,170,170,0,0
79,234,98,79,176,255,194,0,123,123,0,255,247,254,198,173,173,173,255,254,156,173,165,0,254,167,167,0,0
80,237,96,80,175,255,190,0,123,123,0,255,247,254,189,173,173,173,255,254,156,165,156,0,250,164,164,0,0
81,240,94,81,174,255,186,0,123,123,0,255,247,254,181,173,165,173,255,255,148,165,156,0,245,161,161,0,0
82,243,92,82,173,247,182,0,123,123,0,255,247,254,181,173,165,173,255,255,148,165,156,0,240,158,158,0,0
83,246,90,83,172,247,178,0,123,123,0,255,247,254,181,173,156,173,255,254,140,156,148,0,235,155,155,0,0
84,249,88,84,171,247,174,0,123,123,0,255,247,254,173,173,156,173,247,254,140,156,148,0,230,152,152,0,0
85,252,86,85,170,239,170,0,123,123,0,255,247,254,173,173,148,173,247,254,132,148,140,0,225,146,146,0,0
86,255,84,86,169,239,166,0,115,82,0,255,247,254,165,132,148,173,239,255,132,148,132,0,220,140,140,0,0
87,250,82,87,168,231,162,0,115,82,0,255,247,254,165,132,148,173,239,255,123,148,132,0,215,134,134,0,0
88,245,80,88,167,231,158,0,115,82,0,255,247,254,165,132,140,173,231,255,115,148,123,0,210,128,128,0,0
89,240,78,89,166,231,154,0,115,82,0,255,247,254,156,132,140,173,231,254,115,140,115,0,205,122,122,0,0
90,235,76,90,165,222,150,0,115,82,0,255,247,254,156,132,132,173,231,254,107,140,107,0,200,116,116,0,0
91,230,74,91,164,222,146,0,115,82,0,255,247,254,148,132,132,173,231,254,107,132,99,0,195,110,110,0,0
92,225,72,92,163,214,142,0,115,82,0,255,247,254,148,132,132,173,222,255,99,123,99,0,190,104,104,0,0
93,220,70,93,162,214,138,0,115,82,0,255,247,252,140,132,123,173,222,255,99,115,90,0,185,98,98,0,0
94,215,68,94,161,214,134,0,115,82,0,255,255,248,140,132,123,173,214,254,90,107,90,0,180,92,92,0,0
95,210,66,95,160,206,130,0,90,41,0,255,247,244,132,132,115,115,214,254,82,107,82,0,175,86,86,0,0
96,205,64,96,159,206,126,0,90,41,0,206,239,240,132,132,115,115,206,254,82,90,74,0,170,80,80,0,0
97,200,62,97,158,198,122,0,90,41,0,206,231,236,132,132,115,115,206,254,74,82,66,0,170,74,74,0,0
98,195,60,98,157,198,118,0,90,41,0,206,222,232,123,90,107,115,198,255,74,66,66,0,170,68,68,0,0
99,190,58,99,156,198,114,0,90,41,0,206,214,228,123,90,99,115,198,255,66,66,57,0,170,62,62,0,0
100,185,56,100,155,189,110,0,90,41,0,206,206,224,115,90,99,115,198,254,66,49,49,0,170,56,56,0,0
101,180,54,101,154,189,106,0,90,41,0,206,198,220,115,90,90,115,198,254,57,41,41,0,170,50,50,0,0
102,175,52,102,153,181,102,0,90,41,0,206,189,216,107,90,90,115,189,251,57,24,41,0,170,44,44,0,0
103,170,50,103,152,181,98,0,90,41,0,206,181,212,107,90,90,115,189,246,49,16,33,0,170,38,38,0,0
104,165,48,104,151,181,94,0,49,0,0,206,181,208,107,90,82,115,181,242,41,8,33,0,170,32,32,0,0
105,160,46,105,150,173,90,0,49,0,0,206,173,204,99,90,82,115,181,236,41,8,24,0,170,26,26,0,0
106,155,44,106,149,173,86,0,49,0,0,206,156,200,99,90,74,115,173,231,33,0,16,0,170,20,20,0,0
107,150,42,107,148,165,82,0,49,0,0,206,148,196,90,90,74,115,173,225,33,0,8,0,170,14,14,0,0
108,145,40,108,147,165,78,0,49,0,0,206,140,192,90,90,66,115,165,221,24,0,0,0,170,8,8,0,0
109,140,38,109,146,165,74,0,49,0,0,206,132,188,82,90,66,115,165,217,16,0,0,0,170,2,2,0,0
110,135,36,110,145,156,70,0,49,0,0,206,123,184,82,41,57,115,165,212,16,0,0,0,170,0,0,0,0
111,130,34,111,144,156,66,0,49,0,0,206,115,180,74,41,57,57,165,207,8,0,0,0,170,0,0,0,0
112,125,32,112,143,148,62,0,8,0,0,66,115,176,74,41,57,57,156,200,0,0,0,0,160,0,0,0,0
113,120,30,113,142,148,58,0,8,0,0,66,107,172,74,41,49,57,156,195,0,0,0,0,150,0,0,0,0
114,115,28,114,141,148,54,0,8,0,0,66,90,168,66,41,49,57,148,192,0,0,0,0,140,0,0,0,0
115,110,26,115,140,140,50,0,8,0,0,66,82,164,66,41,49,57,148,187,0,0,0,0,130,0,0,0,0
116,105,24,116,139,140,46,0,8,0,0,66,74,160,57,41,41,57,140,181,0,0,0,0,120,0,0,0,0
117,100,22,117,138,132,42,0,8,0,0,66,66,156,57,41,41,57,140,176,0,0,0,0,110,0,0,0,0
118,95,20,118,137,132,38,0,8,0,0,66,57,152,49,41,33,57,132,172,0,0,0,0,100,0,0,0,0
119,90,18,119,136,132,34,0,8,0,0,66,57,148,49,41,33,57,132,166,0,0,0,0,90,0,0,0,0
120,85,16,120,135,123,30,0,8,0,0,66,49,144,49,41,33,57,132,161,0,0,0,0,80,0,0,0,0
121,80,14,121,134,123,26,0,0,0,0,66,41,140,41,41,24,57,132,157,0,0,0,0,70,0,0,0,0
122,75,12,122,133,115,22,0,0,0,0,66,33,136,33,8,16,57,123,152,0,0,0,0,60,0,0,0,0
123,70,10,123,132,115,18,0,0,0,0,66,24,132,33,8,16,57,123,146,0,0,0,0,50,0,0,0,0
124,65,8,124,131,115,14,0,0,0,0,66,16,128,33,8,8,57,115,141,0,0,0,0,40,0,0,0,0
125,60,6,125,130,107,10,0,0,0,0,66,8,124,24,8,8,57,115,136,0,0,0,0,30,0,0,0,0
126,55,4,126,129,107,6,0,0,0,0,66,0,120,24,8,8,57,107,131,0,0,0,8,20,0,0,0,0
127,50,2,127,128,99,2,0,0,0,0,66,0,116,24,8,8,57,107,128,0,0,0,16,10,0,0,0,0
128,45,0,128,127,99,0,0,0,0,0,0,0,112,24,8,8,8,99,122,0,0,0,16,0,0,0,0,0
129,40,0,129,126,99,0,0,0,0,0,0,0,108,16,8,8,8,99,116,0,0,0,24,5,0,0,0,0
130,35,0,130,125,90,0,0,0,0,0,0,0,104,8,8,8,8,99,111,0,0,0,33,10,0,0,0,0
131,30,0,131,124,90,0,0,0,0,0,0,0,100,8,8,8,8,99,107,0,0,0,41,15,0,0,0,0
132,25,0,132,123,90,0,0,0,0,0,0,0,96,8,8,8,8,90,102,0,0,0,41,20,0,0,0,0
133,20,0,133,122,82,0,0,0,0,0,0,0,92,8,8,8,8,90,97,0,0,0,49,25,0,0,0,0
134,15,0,134,121,82,0,0,0,0,0,0,0,88,8,8,8,8,82,92,0,0,0,57,30,0,0,0,0
135,10,0,135,120,74,0,0,0,0,0,0,0,84,8,8,8,8,82,88,0,0,0,66,35,0,0,0,0
136,5,0,136,119,74,0,0,0,0,0,0,0,80,8,8,8,8,74,82,0,0,0,66,40,0,0,0,0
137,0,0,137,118,74,0,0,0,0,0,0,0,76,8,8,8,8,74,77,0,0,0,74,45,0,0,0,0
138,0,0,138,117,66,0,0,0,0,0,0,0,72,8,8,8,8,66,73,0,0,0,82,50,0,0,0,0
139,0,0,139,116,66,0,0,0,0,0,0,0,68,8,8,8,8,66,67,0,0,0,90,55,0,0,0,0
140,0,0,140,115,57,0,0,0,0,0,0,0,64,8,8,8,8,66,62,0,0,0,90,60,0,0,0,0
141,0,0,141,114,57,0,0,0,0,0,0,0,60,8,8,8,8,66,57,0,0,0,99,65,0,0,0,0
142,0,0,142,113,57,0,0,0,0,0,0,0,56,8,8,8,8,57,52,0,0,0,107,70,0,0,0,0
143,0,0,143,112,49,0,0,0,0,0,0,0,52,8,8,8,8,57,47,0,0,0,115,75,0,0,0,0
144,0,0,144,111,49,0,0,0,0,0,0,0,48,8,8,8,8,49,42,0,0,0,115,80,0,0,0,0
145,0,0,145,110,41,0,0,0,0,0,0,0,44,8,8,8,8,49,38,0,0,0,123,79,0,0,0,0
146,0,0,146,109,41,0,0,0,0,0,0,0,40,8,8,8,8,41,32,0,0,0,132,74,0,0,0,0
147,0,0,147,108,41,0,0,0,0,0,0,0,36,8,8,8,8,41,27,0,0,0,140,69,0,0,0,0
148,0,0,148,107,33,0,0,0,0,0,0,0,32,8,8,8,8,33,23,0,0,0,140,63,0,0,0,0
149,0,0,149,106,33,0,0,0,0,0,0,0,28,8,8,8,8,33,18,0,0,0,148,58,0,0,0,0
150,0,0,150,105,24,0,0,0,0,0,0,0,24,8,8,8,8,33,12,0,0,0,156,53,0,0,0,0
151,0,0,151,104,24,0,0,0,0,0,0,0,20,8,8,8,8,33,7,0,0,0,165,47,0,0,0,0
152,0,0,152,103,24,0,0,0,0,0,0,0,16,8,8,8,8,24,2,0,0,0,165,42,0,0,0,0
153,0,0,153,102,16,0,0,0,0,0,0,0,12,8,8,8,8,24,0,0,0,0,173,37,0,0,0,0
154,0,0,154,101,16,0,0,0,0,0,0,0,8,8,8,8,8,16,0,0,0,0,181,31,0,0,0,0
155,0,0,155,100,8,0,0,0,0,41,0,0,4,8,8,8,8,16,0,0,0,0,181,26,0,0,0,0
156,0,0,156,99,8,0,0,0,0,41,0,0,0,8,8,8,8,8,0,0,0,0,189,21,0,0,0,0
157,0,0,157,98,0,0,0,0,0,41,0,0,0,8,8,8,8,8,0,0,0,0,198,15,0,0,0,0
158,0,0,158,97,0,0,0,0,0,41,0,0,0,8,8,8,8,0,0,0,0,0,206,10,0,0,0,0
159,0,0,159,96,0,0,0,0,0,41,0,0,0,8,8,8,8,0,0,0,0,0,206,5,0,0,0,0
160,0,0,160,95,0,0,0,0,0,41,0,0,0,8,8,8,8,0,0,0,0,0,214,0,0,0,0,0
161,0,0,161,94,0,0,0,0,0,41,0,0,0,8,8,8,8,0,0,0,0,0,222,0,0,0,0,0
162,0,0,162,93,0,0,0,0,0,41,0,0,0,8,8,8,8,0,0,0,0,0,231,0,0,0,0,0
163,0,0,163,92,0,0,0,0,0,82,0,0,0,8,8,8,8,0,0,0,0,0,231,0,0,0,0,0
164,0,0,164,91,0,0,0,0,0,82,0,0,0,8,8,8,8,0,0,0,0,0,239,0,0,0,0,0
165,0,0,165,90,0,0,0,0,0,82,0,0,0,8,8,8,8,0,0,0,0,0,247,0,0,0,0,0
166,0,0,166,89,0,0,0,0,0,82,0,0,0,8,8,8,8,0,0,0,0,0,255,0,0,0,0,0
167,0,0,167,88,0,0,0,0,0,82,0,0,0,8,8,8,8,0,0,0,0,0,255,0,0,0,0,0
168,0,0,168,87,0,0,0,0,0,82,0,0,0,8,8,8,8,0,0,0,0,0,255,0,0,0,0,0
169,0,0,169,86,0,0,0,0,0,82,0,0,0,8,8,8,8,0,0,0,0,0,255,0,0,0,0,0
170,0,0,170,85,0,0,0,0,0,82,0,0,0,8,8,8,8,0,0,0,0,0,255,0,0,0,0,0
171,0,0,171,84,0,0,0,0,0,82,0,0,0,8,8,8,8,0,0,0,0,0,255,0,0,0,0,0
172,0,0,172,83,0,0,0,0,0,123,0,0,0,8,8,8,8,0,0,0,0,0,255,0,0,0,0,0
173,0,0,173,82,0,0,0,0,0,123,0,0,0,8,8,8,8,0,0,0,0,0,255,0,0,0,0,0
174,0,0,174,81,0,0,0,0,0,123,0,0,0,8,8,8,8,0,0,0,0,0,255,0,0,0,0,0
175,0,0,175,80,0,0,0,0,0,123,0,0,0,8,8,8,8,0,0,0,0,0,255,0,0,0,0,0
176,0,0,176,79,0,0,0,0,0,123,0,0,0,8,8,8,8,0,0,0,0,0,255,0,0,0,0,0
177,0,0,177,78,0,0,0,0,0,123,0,0,0,8,8,8,8,0,0,0,0,0,255,0,0,0,0,0
178,0,0,178,77,0,0,0,0,0,123,0,0,0,8,8,8,8,0,0,0,0,0,255,0,0,0,0,0
179,0,0,179,76,0,0,0,0,0,123,0,0,0,8,8,8,8,0,0,0,0,0,255,0,0,0,0,0
180,0,0,180,75,0,0,0,0,0,123,0,0,0,8,8,8,8,0,0,0,0,0,255,0,0,0,0,0
181,0,0,181,74,0,0,0,0,0,173,0,0,0,8,8,8,8,0,0,0,0,0,255,0,0,0,0,0
182,0,0,182,73,0,0,0,0,0,173,0,0,0,8,8,8,8,0,0,0,0,0,255,0,0,0,0,0
183,0,0,183,72,0,0,0,0,0,173,0,0,0,8,8,8,8,0,0,0,0,0,255,0,0,0,0,0
184,0,0,184,71,0,0,0,0,0,173,0,0,0,8,8,8,8,0,0,0,0,0,255,0,0,0,0,0
185,0,0,185,70,0,0,0,0,0,173,0,0,0,8,8,8,8,0,0,0,0,0,255,0,0,0,0,0
186,0,0,186,69,0,0,0,0,0,173,0,0,0,8,8,8,8,0,0,0,0,0,255,0,0,0,0,0
187,0,0,187,68,0,0,0,0,0,173,0,0,0,8,8,8,8,0,0,0,0,0,255,0,0,0,0,0
188,0,0,188,67,0,0,0,0,0,173,0,0,0,8,8,8,8,0,0,0,0,0,255,0,0,0,0,0
189,0,0,189,66,0,0,0,0,0,173,0,0,0,8,8,8,8,0,0,0,0,0,255,0,0,0,0,0
190,0,0,190,65,0,0,0,0,0,214,0,0,0,8,8,8,8,0,0,0,0,0,255,0,0,0,0,0
191,0,0,191,64,0,0,0,0,0,214,0,0,0,8,8,8,8,0,0,0,0,0,255,0,0,0,0,0
192,0,0,192,63,0,0,0,0,0,214,0,0,0,8,8,8,8,0,0,0,0,0,255,0,0,0,0,0
193,0,0,193,62,0,0,0,0,0,214,0,0,0,8,8,8,8,0,0,0,0,0,255,0,0,0,0,0
194,0,0,194,61,0,0,0,0,0,214,0,0,0,8,8,8,8,0,0,0,0,0,255,0,0,0,0,0
195,0,0,195,60,0,0,0,0,0,214,0,0,0,8,8,8,8,0,0,0,0,0,255,0,0,0,0,0
196,0,0,196,59,0,0,0,0,0,214,0,0,0,8,8,8,8,0,0,0,0,0,255,0,0,0,0,0
197,0,0,197,58,0,0,0,0,0,255,0,0,0,8,8,8,8,0,0,0,0,0,255,0,0,0,0,0
198,0,0,198,57,0,0,0,0,0,255,0,0,0,8,8,8,8,0,0,0,0,0,255,0,0,0,0,0
199,0,0,199,56,0,0,0,0,0,255,0,0,0,8,8,8,8,0,0,0,0,0,255,0,0,0,0,0
200,0,0,200,55,0,0,0,0,0,255,0,0,0,8,8,8,8,0,0,0,0,0,255,0,0,1,0,0
201,0,0,201,54,0,0,0,0,0,255,0,0,0,8,8,8,8,0,0,0,0,0,255,0,0,4,0,0
202,0,0,202,53,0,0,0,0,0,255,0,0,0,8,8,8,8,0,0,0,0,0,255,0,0,9,0,0
203,0,0,203,52,0,0,0,0,0,255,0,0,0,8,8,8,8,0,0,0,0,0,255,0,0,13,0,0
204,0,0,204,51,0,0,0,0,0,255,0,0,0,8,8,8,8,0,0,0,0,0,255,0,0,18,0,0
205,0,0,205,50,0,0,0,0,0,255,0,0,0,8,8,8,8,0,0,0,0,0,255,0,0,22,0,0
206,0,0,206,49,0,0,0,0,0,255,0,0,0,8,8,8,8,0,0,0,0,0,255,0,0,27,0,0
207,0,0,207,48,0,0,0,0,0,255,0,0,0,8,8,8,8,0,0,0,0,0,255,0,0,31,0,0
208,0,0,208,47,0,0,0,0,0,255,0,0,0,8,8,8,8,0,0,0,0,0,255,0,0,36,0,0
209,0,0,209,46,0,0,0,0,0,255,0,0,0,8,8,8,8,0,0,0,0,0,255,0,0,40,0,0
210,0,0,210,45,0,0,0,0,0,255,0,0,0,8,8,8,8,0,0,0,0,0,255,0,0,45,0,0
211,0,0,211,44,0,0,0,0,0,255,0,0,0,8,8,8,8,0,0,0,0,0,255,0,0,49,0,0
212,0,0,212,43,0,0,0,0,0,255,0,0,0,8,8,8,8,0,0,0,0,0,255,0,0,54,0,0
213,0,0,213,42,0,0,0,0,0,255,0,0,0,8,8,8,8,0,0,0,0,0,255,0,0,58,0,0
214,0,0,214,41,0,0,0,0,0,255,0,0,0,8,8,8,8,0,0,0,0,0,255,0,0,63,0,0
215,0,0,215,40,0,0,0,0,0,255,0,0,0,8,8,8,8,0,0,0,0,0,255,0,0,67,0,0
216,0,0,216,39,0,0,0,0,0,255,0,0,0,8,8,8,8,0,0,0,0,0,255,0,0,72,0,0
217,0,0,217,38,0,0,0,0,0,255,0,0,0,8,8,8,8,0,0,0,0,0,255,0,0,76,0,0
218,0,0,218,37,0,0,0,0,0,255,0,0,0,8,8,8,8,0,0,0,0,0,255,0,0,81,0,0
219,0,0,219,36,0,0,0,0,0,255,0,0,0,8,8,8,8,0,0,0,0,0,255,0,0,85,0,0
220,0,0,220,35,0,0,0,0,0,255,0,0,0,8,8,8,8,0,0,0,0,0,255,0,0,90,0,0
221,0,0,221,34,0,0,0,0,0,255,0,0,0,8,8,8,8,0,0,0,0,0,255,0,0,94,0,0
222,0,0,222,33,0,0,0,0,0,255,0,0,0,8,8,8,8,0,0,0,0,0,255,0,0,99,0,0
223,0,0,223,32,0,0,0,0,0,255,0,0,0,8,8,8,8,0,0,0,0,0,255,0,0,103,0,0
224,0,0,224,31,0,0,0,0,0,255,0,0,0,8,8,8,8,0,0,0,0,0,255,0,0,108,0,0
225,0,0,225,30,0,0,0,0,0,255,0,0,0,8,8,8,8,0,0,0,0,0,255,0,0,112,0,0
226,0,0,226,29,0,0,0,0,0,255,0,0,0,8,8,8,8,0,0,0,0,0,255,0,0,117,0,0
227,0,0,227,28,0,0,0,0,0,255,0,0,0,8,8,8,8,0,0,0,0,0,255,0,0,121,0,0
228,0,0,228,27,0,0,0,0,0,255,0,0,0,8,8,8,8,0,0,8,0,0,255,0,0,126,0,0
229,0,0,229,26,0,0,0,0,0,255,0,0,0,8,8,8,8,0,0,8,0,0,255,0,0,130,0,0
230,0,0,230,25,0,0,0,0,0,255,0,0,0,8,8,8,8,0,0,16,0,0,255,0,0,135,0,0
231,0,0,231,24,0,0,0,0,0,255,0,0,0,8,8,8,8,0,0,24,0,0,255,0,0,139,0,0
232,0,0,232,23,0,0,0,0,0,255,0,0,0,8,8,8,8,0,0,33,0,0,255,0,0,144,0,0
233,0,0,233,22,0,0,0,0,0,255,0,0,0,8,8,8,8,0,0,33,0,0,255,0,0,148,0,0
234,0,0,234,21,0,0,0,0,0,255,0,0,0,8,8,8,8,0,0,41,0,0,255,0,0,153,0,0
235,0,0,235,20,0,0,0,0,0,255,0,0,0,8,8,8,8,0,0,49,0,0,255,0,0,157,0,0
236,0,0,236,19,0,0,0,0,0,255,0,0,0,8,8,8,8,8,0,49,0,0,255,0,0,162,0,0
237,0,0,237,18,0,0,0,0,0,255,0,0,0,8,8,8,8,8,0,57,0,0,255,0,0,166,0,0
238,0,0,238,17,0,0,0,0,0,255,0,0,0,8,8,8,8,8,0,57,8,0,255,0,0,171,0,0
239,0,0,239,16,0,0,0,0,0,255,0,0,0,8,8,8,8,8,0,66,24,0,255,0,0,175,0,0
240,0,0,240,15,0,0,0,0,0,255,0,0,0,8,8,8,8,8,0,66,41,0,255,0,0,180,0,0
241,0,0,241,14,0,0,0,0,0,255,0,0,0,8,8,8,8,8,0,74,49,0,255,0,0,184,0,0
242,0,0,242,13,0,0,0,0,0,255,0,0,0,8,8,8,8,16,0,74,66,0,255,0,0,189,0,0
243,0,0,243,12,0,0,0,0,0,255,0,0,0,8,8,8,8,16,0,82,74,0,255,0,0,193,0,0
244,0,0,244,11,0,0,0,0,0,255,0,0,0,8,8,8,8,16,0,90,74,0,255,0,0,198,0,0
245,0,0,245,10,0,0,0,0,0,255,0,0,0,8,8,8,8,16,0,90,99,0,255,0,0,202,0,0
246,0,0,246,9,0,0,0,0,0,255,0,0,0,8,8,8,8,16,0,99,99,0,255,0,0,207,0,0
247,0,0,247,8,0,0,0,0,0,255,0,0,0,8,8,8,8,16,0,99,123,0,255,0,0,211,0,0
248,0,0,248,7,0,0,0,0,0,255,0,0,0,8,8,8,8,24,0,107,132,0,255,0,0,216,0,0
249,0,0,249,6,0,0,0,0,0,255,0,0,0,8,8,8,8,24,0,107,148,0,255,0,0,220,0,0
250,0,0,250,5,0,0,0,0,0,255,0,0,0,8,8,8,8,24,0,115,156,0,255,0,0,225,0,0
251,0,0,251,4,0,0,0,0,0,255,0,0,0,8,8,8,8,24,0,115,173,0,255,0,0,229,0,0
252,0,0,252,3,0,0,0,0,0,255,0,0,0,8,8,8,8,24,0,123,189,0,255,0,0,234,0,0
253,0,0,253,2,0,0,0,0,0,255,0,0,0,8,8,8,8,24,0,132,198,0,255,0,0,238,0,0
254,0,0,254,1,0,0,0,0,0,255,0,0,0,8,8,8,8,33,0,132,198,0,255,0,0,243,0,0
255,0,0,255,0,0,0,0,0,0,255,0,0,0,8,8,8,8,33,0,132,222,0,255,0,0,245,0,0